"BatchID","Fish Serial Number","Prey ID","Prey Weight","Prey Number","Digestion Class","Notes"
2,"HIPP0783",366,4.0e-03,,,
2,"HIPP0783",438,0.03,,,
4,"HIPP0787",366,0.13,,,
4,"HIPP0787",438,0.01,,,
4,"HIPP0787",439,5.0e-03,,,
4,"HIPP0787",440,1.0e-03,,,
4,"HIPP0787",449,1.0e-03,,,
5,"HIPP0800",8,0.17,,,
5,"HIPP0800",440,1.0e-03,,,
5,"HIPP0800",452,5.0e-03,,,
5,"HIPP0850",366,6.0e-03,,,
5,"HIPP0850",438,2.0e-03,,,
5,"HIPP0850",443,5.0e-03,,,
5,"HIPP0850",452,0.02,,,
5,"HIPP0918",366,0.03,,,
5,"HIPP0918",438,0.01,,,
5,"HIPP0918",452,6.0e-03,,,
5,"HIPP0927",366,1.0e-03,,,
5,"HIPP0927",438,1.0e-03,,,
5,"HIPP0991",366,0.05,,,
5,"HIPP0991",438,0.03,,,
5,"HIPP0991",440,1.0e-03,,,
5,"HIPP0991",452,0.01,,,
6,"HIPP1686",445,0.21,,,
6,"HIPP1691",438,5.0e-03,,,
6,"HIPP1691",439,5.0e-03,,,
6,"HIPP1691",444,5.0e-03,,,
6,"HIPP1691",445,0.70,,,
6,"HIPP1691",452,0.69,,,
6,"HIPP1700",452,5.0e-03,,,
7,"HIPP1705",438,5.0e-03,,,
7,"HIPP1705",441,0.12,,,
7,"HIPP1705",442,0.03,,,
7,"HIPP1705",451,5.0e-03,,,
7,"HIPP1705",452,0.17,,,
7,"HIPP1724",366,0.88,,,
7,"HIPP1724",438,0.10,,,
7,"HIPP1724",439,0.06,,,
7,"HIPP1724",441,0.68,,,
7,"HIPP1724",452,3.32,,,
7,"HIPP1734",366,0.01,,,
7,"HIPP1734",438,5.0e-03,,,
7,"HIPP1734",440,1.0e-03,,,
7,"HIPP1734",452,0.01,,,
7,"HIPP1736",366,0.03,,,
7,"HIPP1736",445,0.06,,,
7,"HIPP1736",452,5.0e-03,,,
8,"HIPP1748",438,0.04,,,
8,"HIPP1748",444,1.0e-03,,,
8,"HIPP1748",452,0.02,,,
8,"HIPP1774",14,5.0e-03,,,
8,"HIPP1774",366,1.28,,,
8,"HIPP1774",438,0.15,,,
8,"HIPP1774",439,0.90,,,
8,"HIPP1774",441,0.77,,,
8,"HIPP1774",444,5.0e-03,,,
8,"HIPP1774",451,5.0e-03,,,
8,"HIPP1774",452,3.00,,,
8,"HIPP1776",441,0.04,,,
8,"HIPP1776",452,5.0e-03,,,
9,"HIPP1778",438,1.0e-03,,,
9,"HIPP1778",452,5.0e-03,,,
9,"HIPP1779",366,0.03,,,
9,"HIPP1779",438,5.0e-03,,,
9,"HIPP1779",440,1.0e-03,,,
9,"HIPP1779",442,0.03,,,
9,"HIPP1779",452,5.0e-03,,,
10,"HIPP1781",14,1.0e-03,,,
10,"HIPP1781",438,1.0e-03,,,
10,"HIPP1781",439,1.0e-03,,,
10,"HIPP1781",452,1.0e-03,,,
10,"HIPP1782",438,5.0e-03,,,
11,"HIPP1785",366,0.04,,,
11,"HIPP1785",438,5.0e-03,,,
11,"HIPP1785",452,1.0e-03,,,
11,"HIPP1786",0,0.05,,,"""Other"""
11,"HIPP1786",438,0.01,,,
11,"HIPP1786",441,0.13,,,
11,"HIPP1786",442,5.0e-03,,,
11,"HIPP1786",452,0.03,,,
11,"HIPP1787",366,0.12,,,
11,"HIPP1787",438,1.0e-03,,,
11,"HIPP1787",439,1.0e-03,,,
12,"HIPP1800",441,0.04,,,
12,"HIPP1800",452,0.08,,,
12,"HIPP1825",438,5.0e-03,,,
12,"HIPP1825",452,0.08,,,
12,"HIPP1851",451,5.0e-03,,,
12,"HIPP1851",452,1.00,,,
12,"HIPP1862",366,0.09,,,
12,"HIPP1862",438,1.0e-03,,,
12,"HIPP1862",439,0.10,,,
12,"HIPP1862",441,0.05,,,
12,"HIPP1862",452,0.37,,,
12,"HIPP1870",366,0.03,,,
12,"HIPP1870",438,5.0e-03,,,
12,"HIPP1870",440,1.0e-03,,,
12,"HIPP1870",451,5.0e-03,,,
12,"HIPP1870",452,0.09,,,
12,"HIPP1874",452,1.0e-03,,,
12,"HIPP1899",14,1.0e-03,,,
12,"HIPP1899",366,0.07,,,
12,"HIPP1899",438,0.33,,,
12,"HIPP1899",439,5.0e-03,,,
12,"HIPP1899",440,5.0e-03,,,
12,"HIPP1899",449,5.0e-03,,,
12,"HIPP1899",452,0.18,,,
12,"HIPP1937",366,0.05,,,
12,"HIPP1937",438,0.05,,,
12,"HIPP1937",439,5.0e-03,,,
12,"HIPP1937",440,5.0e-03,,,
12,"HIPP1937",442,0.06,,,
12,"HIPP1937",452,0.06,,,
13,"HIPP1962",14,5.0e-03,,,
13,"HIPP1962",366,0.13,,,
13,"HIPP1962",438,0.03,,,
13,"HIPP1962",439,0.05,,,
13,"HIPP1962",442,0.13,,,
13,"HIPP1962",444,5.0e-03,,,
13,"HIPP1962",452,0.05,,,
13,"HIPP2162",366,0.09,,,
13,"HIPP2162",438,0.03,,,
13,"HIPP2162",439,0.02,,,
13,"HIPP2162",440,1.0e-03,,,
13,"HIPP2162",451,1.0e-03,,,
13,"HIPP2162",452,0.05,,,
13,"HIPP2298",14,1.0e-03,,,
13,"HIPP2298",366,0.05,,,
13,"HIPP2298",438,0.20,,,
13,"HIPP2298",439,5.0e-03,,,
13,"HIPP2298",440,1.0e-03,,,
13,"HIPP2298",442,0.12,,,
13,"HIPP2298",444,5.0e-03,,,
13,"HIPP2298",450,1.0e-03,,,
13,"HIPP2298",452,0.37,,,
13,"HIPP2315",0,0.07,,,"""Other"""
13,"HIPP2315",14,5.0e-03,,,
13,"HIPP2315",26,0.09,,,
13,"HIPP2315",438,0.55,,,
13,"HIPP2315",439,0.17,,,
13,"HIPP2315",442,0.34,,,
13,"HIPP2315",444,1.0e-03,,,
13,"HIPP2315",446,0.03,,,
13,"HIPP2315",447,0.13,,,
13,"HIPP2315",449,0.13,,,
13,"HIPP2315",450,1.0e-03,,,
13,"HIPP2315",451,5.0e-03,,,
13,"HIPP2315",452,0.66,,,
13,"HIPP2328",452,5.0e-03,,,
13,"HIPP2353",26,1.0e-03,,,
13,"HIPP2353",366,0.13,,,
13,"HIPP2353",438,0.08,,,
13,"HIPP2353",439,5.0e-03,,,
13,"HIPP2353",440,1.0e-03,,,
13,"HIPP2353",442,0.08,,,
13,"HIPP2353",452,0.09,,,
14,"HIPP2480",366,0.01,,,
14,"HIPP2480",441,0.05,,,
14,"HIPP2480",452,0.10,,,
14,"HIPP2530",14,0.05,,,
14,"HIPP2530",366,0.12,,,
14,"HIPP2530",438,0.09,,,
14,"HIPP2530",439,0.33,,,
14,"HIPP2530",442,0.20,,,
14,"HIPP2530",452,0.04,,,
14,"HIPP2620",366,0.09,,,
14,"HIPP2620",438,5.0e-03,,,
14,"HIPP2620",439,0.33,,,
14,"HIPP2620",442,0.22,,,
14,"HIPP2620",445,0.03,,,
14,"HIPP2620",446,0.04,,,
14,"HIPP2620",451,0.03,,,
14,"HIPP2620",452,0.07,,,
14,"HIPP2679",366,0.02,,,
14,"HIPP2679",438,0.05,,,
14,"HIPP2679",440,1.0e-03,,,
14,"HIPP2679",444,1.0e-03,,,
14,"HIPP2679",452,0.16,,,
14,"HIPP2709",366,5.0e-03,,,
14,"HIPP2709",438,0.09,,,
14,"HIPP2709",439,1.0e-03,,,
14,"HIPP2709",444,1.0e-03,,,
14,"HIPP2709",452,0.05,,,
14,"HIPP2800",366,5.0e-03,,,
14,"HIPP2800",438,0.10,,,
14,"HIPP2800",440,5.0e-03,,,
14,"HIPP2800",442,0.08,,,
14,"HIPP2800",452,0.20,,,
15,"HIPP2828",438,5.0e-03,,,
16,"HIPP2841",438,1.0e-03,,,
16,"HIPP2843",438,5.0e-03,,,
19,"HIPP2849",366,5.0e-03,,,
19,"HIPP2849",438,5.0e-03,,,
19,"HIPP2849",452,0.02,,,
19,"HIPP2867",438,5.0e-03,,,
19,"HIPP2867",439,5.0e-03,,,
19,"HIPP2867",452,0.28,,,
19,"HIPP2870",366,0.04,,,
19,"HIPP2870",440,1.0e-03,,,
19,"HIPP2870",452,5.0e-03,,,
20,"HIPP2903",438,0.02,,,
20,"HIPP2903",439,5.0e-03,,,
20,"HIPP2903",440,5.0e-03,,,
20,"HIPP2903",452,0.10,,,
20,"HIPP2904",452,5.0e-03,,,
20,"HIPP2954",438,5.0e-03,,,
20,"HIPP2954",452,0.17,,,
20,"HIPP3063",366,0.02,,,
20,"HIPP3063",438,5.0e-03,,,
20,"HIPP3063",445,5.0e-03,,,
20,"HIPP3063",452,0.08,,,
21,"HIPP3067",452,5.0e-03,,,
21,"HIPP3082",439,5.0e-03,,,
21,"HIPP3082",440,5.0e-03,,,
21,"HIPP3082",452,0.06,,,
21,"HIPP3084",452,5.0e-03,,,
22,"HIPP3085",452,5.0e-03,,,
22,"HIPP3117",438,0.48,,,
22,"HIPP3117",439,5.0e-03,,,
22,"HIPP3117",440,1.0e-03,,,
22,"HIPP3117",442,0.07,,,
22,"HIPP3117",444,1.0e-03,,,
22,"HIPP3117",452,0.20,,,
23,"HIPP3119",438,0.04,,,
23,"HIPP3119",452,5.0e-03,,,
25,"HIPP3125",438,5.0e-03,,,
25,"HIPP3125",452,5.0e-03,,,
25,"HIPP3150",0,0.06,,,"""Gelatinous Thingo"""
25,"HIPP3150",366,5.0e-03,,,
25,"HIPP3150",439,0.05,,,
25,"HIPP3150",441,0.05,,,
25,"HIPP3150",452,0.01,,,
27,"HIPP3162",14,1.0e-03,,,
27,"HIPP3162",366,3.89,,,
27,"HIPP3162",438,0.05,,,
27,"HIPP3162",439,0.04,,,
27,"HIPP3162",442,0.08,,,
27,"HIPP3162",444,5.0e-03,,,
27,"HIPP3162",452,1.57,,,
28,"HIPP3164",452,0.10,,,
28,"HIPP3167",366,0.35,,,
28,"HIPP3167",452,0.07,,,
37,"HIPP3172",438,0.08,,,
37,"HIPP3174",452,5.0e-03,,,
43,"HIPP1083",14,0.01,,,
43,"HIPP1083",366,0.06,,,
43,"HIPP1083",438,0.03,,,
43,"HIPP1083",439,0.03,,,
43,"HIPP1083",452,0.03,,,
43,"HIPP1115",26,0.05,,,
43,"HIPP1115",366,0.15,,,
43,"HIPP1115",438,0.03,,,
43,"HIPP1115",439,0.29,,,
43,"HIPP1115",445,0.12,,,
43,"HIPP1115",452,0.11,,,
43,"HIPP1140",366,0.03,,,
43,"HIPP1140",438,1.0e-03,,,
43,"HIPP1140",452,7.0e-03,,,
43,"HIPP1160",366,0.15,,,
43,"HIPP1160",438,0.06,,,
43,"HIPP1160",440,1.0e-03,,,
43,"HIPP1160",452,0.05,,,
44,"HIPP1172",366,0.02,,,
44,"HIPP1172",438,1.0e-03,,,
44,"HIPP1172",452,0.08,,,
44,"HIPP1222",366,0.10,,,
44,"HIPP1222",438,0.04,,,
44,"HIPP1222",439,5.0e-03,,,
44,"HIPP1222",444,4.0e-03,,,
44,"HIPP1222",445,5.0e-03,,,
44,"HIPP1222",452,0.03,,,
44,"HIPP1230",452,0.02,,,
44,"HIPP1280",366,0.13,,,
44,"HIPP1280",438,0.03,,,
44,"HIPP1280",439,0.01,,,
44,"HIPP1280",440,1.0e-03,,,
44,"HIPP1280",442,0.26,,,
44,"HIPP1280",444,0.07,,,
44,"HIPP1280",445,0.14,,,
44,"HIPP1280",449,6.0e-03,,,
44,"HIPP1280",451,2.0e-03,,,
44,"HIPP1280",452,0.38,,,
44,"HIPP1360",14,9.0e-03,,,
44,"HIPP1360",366,1.23,,,
44,"HIPP1360",438,0.19,,,
44,"HIPP1360",439,0.19,,,
44,"HIPP1360",440,1.0e-03,,,
44,"HIPP1360",445,0.35,,,
44,"HIPP1360",451,1.0e-03,,,
44,"HIPP1360",452,2.04,,,
44,"HIPP1371",438,1.0e-03,,,
44,"HIPP1371",440,1.0e-03,,,
44,"HIPP1371",452,0.02,,,
44,"HIPP1410",366,0.54,,,
44,"HIPP1410",438,0.09,,,
44,"HIPP1410",439,3.0e-03,,,
44,"HIPP1410",440,1.0e-03,,,
44,"HIPP1410",445,0.04,,,
44,"HIPP1410",452,0.19,,,
45,"HIPP1452",14,1.0e-03,,,
45,"HIPP1452",366,0.04,,,
45,"HIPP1452",438,0.24,,,
45,"HIPP1452",439,1.0e-03,,,
45,"HIPP1452",450,0.01,,,
45,"HIPP1452",452,0.04,,,
45,"HIPP1464",14,1.0e-03,,,
45,"HIPP1464",366,5.0e-03,,,
45,"HIPP1464",438,0.03,,,
45,"HIPP1464",441,0.02,,,
45,"HIPP1464",444,1.0e-03,,,
45,"HIPP1464",452,0.06,,,
45,"HIPP1482",173,4.0e-03,,,"Larval Fish"
45,"HIPP1482",366,1.00,,,
45,"HIPP1482",438,0.20,,,
45,"HIPP1482",439,0.81,,,
45,"HIPP1482",445,0.02,,,
45,"HIPP1482",449,0.04,,,
45,"HIPP1482",451,0.01,,,
45,"HIPP1482",452,1.07,,,
45,"HIPP1491",366,0.01,,,
45,"HIPP1491",438,1.0e-03,,,
45,"HIPP1505",366,0.10,,,
45,"HIPP1505",438,0.01,,,
45,"HIPP1505",452,0.03,,,
49,"HIPP1515",14,1.0e-03,,,
49,"HIPP1515",366,8.0e-03,,,
49,"HIPP1515",438,9.0e-03,,,
49,"HIPP1515",439,1.0e-03,,,
49,"HIPP1515",452,0.01,,,
49,"HIPP1520",438,0.01,,,
49,"HIPP1521",452,0.01,,,
50,"HIPP1558",14,5.0e-03,,,
50,"HIPP1558",366,5.0e-03,,,
50,"HIPP1558",438,0.08,,,
50,"HIPP1558",439,5.0e-03,,,
50,"HIPP1558",444,5.0e-03,,,
50,"HIPP1558",445,0.02,,,
50,"HIPP1558",452,0.06,,,
50,"HIPP1564",366,0.03,,,
50,"HIPP1564",452,0.02,,,
50,"HIPP1615",452,1.0e-03,,,
51,"HIPP1660",438,5.0e-03,,,
51,"HIPP1660",452,3.0e-03,,,
51,"HIPP1662",439,1.0e-03,,,
51,"HIPP1662",452,2.0e-03,,,
51,"HIPP1682",14,5.0e-04,,,
51,"HIPP1682",366,0.18,,,
51,"HIPP1682",438,3.0e-03,,,
51,"HIPP1682",439,0.04,,,
51,"HIPP1682",440,1.0e-03,,,
51,"HIPP1682",452,5.0e-03,,,
51,"HIPP1685",438,0.02,,,
51,"HIPP1685",452,0.02,,,
55,"HIPP0033",14,1.39,,,
55,"HIPP0033",366,4.52,,,
55,"HIPP0033",439,0.20,,,
55,"HIPP0033",452,4.02,,,
55,"HIPP3190",366,0.36,,,
55,"HIPP3190",438,0.03,,,
55,"HIPP3190",439,0.02,,,
55,"HIPP3190",442,0.02,,,
55,"HIPP3190",444,1.0e-03,,,
55,"HIPP3190",452,1.26,,,
55,"HIPP3193",366,5.0e-03,,,
55,"HIPP3193",452,0.02,,,
56,"HIPP3218",366,6.50,,,
56,"HIPP3218",438,0.06,,,
56,"HIPP3218",439,0.03,,,
56,"HIPP3218",441,0.09,,,
56,"HIPP3218",442,0.08,,,
56,"HIPP3218",444,1.0e-03,,,
56,"HIPP3218",452,4.16,,,
60,"HIPP3244",366,4.10,,,
60,"HIPP3244",438,5.0e-03,,,
60,"HIPP3244",439,0.21,,,
60,"HIPP3244",442,0.18,,,
60,"HIPP3244",452,2.82,,,
60,"HIPP3250",452,5.0e-03,,,
61,"HIPP0172",366,0.42,,,
61,"HIPP0172",438,5.0e-03,,,
61,"HIPP0172",439,0.03,,,
61,"HIPP0172",452,1.81,,,
63,"HIPP3252",438,5.0e-03,,,
63,"HIPP3252",452,5.0e-03,,,
71,"HIPP3263",438,0.18,,,
71,"HIPP3263",439,1.0e-03,,,
71,"HIPP3263",452,0.03,,,
74,"HIPP3265",452,0.07,,,
76,"HIPP3269",452,0.10,,,
78,"HIPP3270",452,0.04,,,
80,"HIPP0605",14,0.16,,,
80,"HIPP0605",366,0.58,,,
80,"HIPP0605",438,5.0e-03,,,
80,"HIPP0605",439,4.88,,,
80,"HIPP0605",440,5.0e-03,,,
80,"HIPP0605",452,4.41,,,
83,"HIPP3273",438,0.04,,,
83,"HIPP3273",440,1.0e-03,,,
83,"HIPP3273",444,1.0e-03,,,
83,"HIPP3273",452,5.0e-03,,,
88,"HIPP0757",366,0.08,,,
88,"HIPP0757",439,4.65,,,
88,"HIPP0757",452,8.26,,,
88,"HIPP0775",366,0.33,,,
88,"HIPP0775",438,5.0e-03,,,
88,"HIPP0775",439,0.84,,,
88,"HIPP0775",440,1.0e-03,,,
88,"HIPP0775",451,1.0e-03,,,
88,"HIPP0775",452,1.39,,,
88,"HIPP3275",452,5.0e-03,,,
89,"HIPP3276",438,0.14,,,
89,"HIPP3276",439,0.07,,,
89,"HIPP3276",440,1.0e-03,,,
89,"HIPP3276",452,5.0e-03,,,
90,"HIPP3278",366,0.05,,,
90,"HIPP3278",438,0.02,,,
90,"HIPP3278",451,5.0e-03,,,
90,"HIPP3278",452,0.12,,,
91,"HIPP0671",366,0.02,,,
91,"HIPP0671",439,0.46,,,
91,"HIPP0671",452,1.12,,,
91,"HIPP0698",366,0.97,,,
91,"HIPP0698",438,0.02,,,
91,"HIPP0698",439,0.56,,,
91,"HIPP0698",444,1.0e-03,,,
91,"HIPP0698",451,5.0e-03,,,
91,"HIPP0698",452,2.22,,,
91,"HIPP3279",452,0.08,,,
91,"HIPP3282",452,0.05,,,
92,"HIPP0727",366,0.13,,,
92,"HIPP0727",439,0.13,,,
92,"HIPP0727",451,5.0e-03,,,
92,"HIPP0727",452,1.77,,,
92,"HIPP3307",366,2.33,,,
92,"HIPP3307",438,0.10,,,
92,"HIPP3307",439,0.27,,,
92,"HIPP3307",441,0.03,,,
92,"HIPP3307",444,5.0e-03,,,
92,"HIPP3307",449,0.07,,,
92,"HIPP3307",451,5.0e-03,,,
92,"HIPP3307",452,1.45,,,
94,"HIPP3320",452,0.02,,,
94,"HIPP3344",438,0.04,,,
94,"HIPP3344",452,0.39,,,
95,"HIPP3370",438,0.15,,,
95,"HIPP3370",440,1.0e-03,,,
95,"HIPP3370",444,1.0e-03,,,
95,"HIPP3370",452,0.59,,,
98,"HIPP3397",438,5.0e-03,,,
98,"HIPP3397",452,0.05,,,
98,"HIPP3407",438,0.07,,,
98,"HIPP3407",439,0.02,,,
98,"HIPP3407",444,1.0e-03,,,
98,"HIPP3407",452,0.06,,,
99,"HIPP3423",8,0.06,,,
99,"HIPP3423",366,0.02,,,
99,"HIPP3423",452,0.16,,,
99,"HIPP3439",366,0.02,,,
99,"HIPP3439",438,5.0e-03,,,
99,"HIPP3439",439,5.0e-03,,,
99,"HIPP3439",440,1.0e-03,,,
99,"HIPP3439",444,1.0e-03,,,
99,"HIPP3439",452,0.12,,,
99,"HIPP3467",366,0.11,,,
99,"HIPP3467",438,5.0e-03,,,
99,"HIPP3467",439,0.04,,,
99,"HIPP3467",451,5.0e-03,,,
99,"HIPP3467",452,0.11,,,
99,"HIPP3509",438,0.68,,,
99,"HIPP3509",439,1.0e-03,,,
99,"HIPP3509",444,1.0e-03,,,
99,"HIPP3509",452,0.61,,,
99,"HIPP3708",366,0.04,,,
99,"HIPP3708",438,0.23,,,
99,"HIPP3708",439,0.05,,,
99,"HIPP3708",440,5.0e-03,,,
99,"HIPP3708",442,0.12,,,
99,"HIPP3708",444,1.0e-03,,,
99,"HIPP3708",452,0.19,,,
101,"HIPP3735",366,0.03,,,
101,"HIPP3735",438,5.0e-03,,,
101,"HIPP3735",439,0.15,,,
101,"HIPP3735",440,1.0e-03,,,
101,"HIPP3735",442,5.0e-03,,,
101,"HIPP3735",444,5.0e-03,,,
101,"HIPP3735",452,0.08,,,
101,"HIPP3853",366,0.10,,,
101,"HIPP3853",438,0.03,,,
101,"HIPP3853",439,0.20,,,
101,"HIPP3853",440,1.0e-03,,,
101,"HIPP3853",442,0.03,,,
101,"HIPP3853",444,5.0e-03,,,
101,"HIPP3853",449,0.03,,,
101,"HIPP3853",451,1.0e-03,,,
101,"HIPP3853",452,0.13,,,
101,"HIPP4014",366,0.05,,,
101,"HIPP4014",438,5.0e-03,,,
101,"HIPP4014",439,0.27,,,
101,"HIPP4014",440,5.0e-03,,,
101,"HIPP4014",444,5.0e-03,,,
101,"HIPP4014",449,0.04,,,
101,"HIPP4014",452,0.02,,,
101,"HIPP4015",438,5.0e-03,,,
101,"HIPP4015",440,5.0e-03,,,
101,"HIPP4015",452,5.0e-03,,,
101,"HIPP4016",452,5.0e-03,,,
101,"HIPP4041",366,0.07,,,
101,"HIPP4041",438,0.39,,,
101,"HIPP4041",439,0.03,,,
101,"HIPP4041",440,5.0e-03,,,
101,"HIPP4041",442,0.04,,,
101,"HIPP4041",444,1.0e-03,,,
101,"HIPP4041",452,0.28,,,
102,"HIPP4071",366,0.07,,,
102,"HIPP4071",438,5.0e-03,,,
102,"HIPP4071",439,5.0e-03,,,
102,"HIPP4071",440,1.0e-03,,,
102,"HIPP4071",444,0.03,,,
102,"HIPP4071",452,0.02,,,
102,"HIPP4078",366,0.33,,,
102,"HIPP4078",438,0.06,,,
102,"HIPP4078",439,0.08,,,
102,"HIPP4078",444,5.0e-03,,,
102,"HIPP4078",452,5.0e-03,,,
102,"HIPP4081",452,5.0e-03,,,
102,"HIPP4083",366,5.0e-03,,,
102,"HIPP4083",438,0.03,,,
102,"HIPP4083",440,1.0e-03,,,
102,"HIPP4083",444,1.0e-03,,,
102,"HIPP4083",452,5.0e-03,,,
103,"HIPP4087",366,0.06,,,
103,"HIPP4087",438,0.10,,,
103,"HIPP4087",439,0.27,,,
103,"HIPP4087",440,1.0e-03,,,
103,"HIPP4087",444,0.02,,,
103,"HIPP4087",451,1.0e-03,,,
103,"HIPP4087",452,0.07,,,
103,"HIPP4112",438,0.06,,,
103,"HIPP4112",452,0.53,,,
103,"HIPP4139",438,5.0e-03,,,
103,"HIPP4139",452,5.0e-03,,,
104,"HIPP4144",14,1.0e-03,,,
104,"HIPP4144",366,0.06,,,
104,"HIPP4144",438,5.0e-03,,,
104,"HIPP4144",439,0.03,,,
104,"HIPP4144",440,1.0e-03,,,
104,"HIPP4144",444,5.0e-03,,,
104,"HIPP4144",452,0.04,,,
104,"HIPP4146",452,0.05,,,
107,"HIPP4152",438,1.0e-03,,,
107,"HIPP4152",439,1.0e-03,,,
107,"HIPP4152",452,5.0e-03,,,
107,"HIPP4156",438,1.0e-03,,,
107,"HIPP4156",452,1.0e-03,,,
108,"HIPP4181",366,0.11,,,
108,"HIPP4181",438,5.0e-03,,,
108,"HIPP4181",439,0.43,,,
108,"HIPP4181",452,0.12,,,
108,"HIPP4200",366,0.58,,,
108,"HIPP4200",438,5.0e-03,,,
108,"HIPP4200",439,5.0e-03,,,
108,"HIPP4200",440,1.0e-03,,,
108,"HIPP4200",444,5.0e-03,,,
108,"HIPP4200",451,5.0e-03,,,
108,"HIPP4200",452,0.06,,,
108,"HIPP4227",438,0.02,,,
108,"HIPP4227",452,0.23,,,
108,"HIPP4356",366,0.19,,,
108,"HIPP4356",438,5.0e-03,,,
108,"HIPP4356",439,1.0e-03,,,
108,"HIPP4356",440,1.0e-03,,,
108,"HIPP4356",452,0.10,,,
109,"HIPP4381",438,5.0e-03,,,
109,"HIPP4381",444,1.0e-03,,,
109,"HIPP4381",452,0.88,,,
110,"HIPP4416",438,0.30,,,
110,"HIPP4416",439,1.0e-03,,,
110,"HIPP4416",444,1.0e-03,,,
110,"HIPP4416",452,0.76,,,
111,"HIPP4616",438,5.0e-03,,,
111,"HIPP4616",439,1.0e-03,,,
111,"HIPP4616",444,1.0e-03,,,
111,"HIPP4616",452,0.28,,,
112,"HIPP4816",438,5.0e-03,,,
112,"HIPP4816",452,0.40,,,
113,"HIPP4920",366,5.0e-03,,,
113,"HIPP4920",438,5.0e-03,,,
113,"HIPP4920",439,0.51,,,
113,"HIPP4920",452,0.20,,,
113,"HIPP4971",438,5.0e-03,,,
113,"HIPP4971",444,1.0e-03,,,
113,"HIPP4971",452,0.25,,,
114,"HIPP5065",366,5.0e-03,,,
114,"HIPP5065",438,5.0e-03,,,
114,"HIPP5065",440,1.0e-03,,,
114,"HIPP5065",452,0.06,,,
114,"HIPP5070",438,5.0e-03,,,
114,"HIPP5070",439,5.0e-03,,,
114,"HIPP5070",440,1.0e-03,,,
114,"HIPP5070",452,0.03,,,
118,"HIPP5090",438,5.0e-03,,,
118,"HIPP5090",440,1.0e-03,,,
118,"HIPP5090",444,5.0e-03,,,
118,"HIPP5090",452,0.03,,,
118,"HIPP5114",366,0.04,,,
118,"HIPP5114",438,5.0e-03,,,
118,"HIPP5114",452,5.0e-03,,,
118,"HIPP5139",366,5.0e-03,,,
118,"HIPP5139",438,5.0e-03,,,
118,"HIPP5139",444,1.0e-03,,,
118,"HIPP5139",452,0.33,,,
118,"HIPP5164",438,0.02,,,
118,"HIPP5164",439,0.02,,,
118,"HIPP5164",452,0.02,,,
119,"HIPP5171",441,0.08,,,
119,"HIPP5171",452,0.34,,,
119,"HIPP5198",438,5.0e-03,,,
119,"HIPP5198",439,0.01,,,
119,"HIPP5198",444,1.0e-03,,,
119,"HIPP5198",452,0.06,,,
119,"HIPP5223",438,5.0e-03,,,
119,"HIPP5223",439,0.15,,,
119,"HIPP5223",452,5.0e-03,,,
119,"HIPP5255",438,5.0e-03,,,
119,"HIPP5255",439,5.0e-03,,,
119,"HIPP5255",440,1.0e-03,,,
119,"HIPP5255",444,1.0e-03,,,
119,"HIPP5255",452,0.42,,,
119,"HIPP5309",438,5.0e-03,,,
119,"HIPP5309",439,5.0e-03,,,
119,"HIPP5309",452,5.0e-03,,,
120,"HIPP5334",366,0.07,,,
120,"HIPP5334",438,5.0e-03,,,
120,"HIPP5334",439,0.26,,,
120,"HIPP5334",440,1.0e-03,,,
120,"HIPP5334",444,1.0e-03,,,
120,"HIPP5334",452,0.07,,,
120,"HIPP5510",439,0.02,,,
120,"HIPP5510",452,5.0e-03,,,
120,"HIPP5535",438,5.0e-03,,,
120,"HIPP5535",439,0.08,,,
120,"HIPP5535",440,1.0e-03,,,
120,"HIPP5535",444,1.0e-03,,,
120,"HIPP5535",452,0.03,,,
120,"HIPP5617",366,0.08,,,
120,"HIPP5617",438,5.0e-03,,,
120,"HIPP5617",439,5.0e-03,,,
120,"HIPP5617",440,1.0e-03,,,
120,"HIPP5617",444,0.04,,,
120,"HIPP5617",452,0.25,,,
120,"HIPP5618",366,0.12,,,
120,"HIPP5618",438,0.03,,,
120,"HIPP5618",439,0.75,,,
120,"HIPP5618",452,0.12,,,
120,"HIPP5621",452,5.0e-03,,,
120,"HIPP5647",366,0.16,,,
120,"HIPP5647",438,0.06,,,
120,"HIPP5647",439,5.0e-03,,,
120,"HIPP5647",440,1.0e-03,,,
120,"HIPP5647",444,5.0e-03,,,
120,"HIPP5647",452,0.18,,,
121,"HIPP5652",14,1.0e-03,,,
121,"HIPP5652",438,5.0e-03,,,
121,"HIPP5652",444,5.0e-03,,,
121,"HIPP5652",452,5.0e-03,,,
122,"HIPP5662",438,5.0e-03,,,
122,"HIPP5662",444,1.0e-03,,,
122,"HIPP5662",452,0.02,,,
122,"HIPP5663",438,5.0e-03,,,
122,"HIPP5663",452,0.02,,,
122,"HIPP5664",438,5.0e-03,,,
122,"HIPP5664",444,5.0e-03,,,
122,"HIPP5664",449,5.0e-03,,,
122,"HIPP5664",452,5.0e-03,,,
123,"HIPP5675",14,1.0e-03,,,
123,"HIPP5675",366,0.02,,,
123,"HIPP5675",439,0.03,,,
123,"HIPP5675",440,1.0e-03,,,
123,"HIPP5675",444,1.0e-03,,,
123,"HIPP5675",452,0.03,,,
123,"HIPP5676",452,5.0e-03,,,
123,"HIPP5677",366,5.0e-03,,,
123,"HIPP5677",438,0.02,,,
123,"HIPP5677",439,0.02,,,
126,"HIPP5689",438,0.02,,,
126,"HIPP5689",439,0.02,,,
126,"HIPP5689",452,0.04,,,
126,"HIPP5690",366,0.03,,,
126,"HIPP5690",440,5.0e-03,,,
126,"HIPP5690",452,5.0e-03,,,
127,"HIPP5715",438,5.0e-03,,,
127,"HIPP5715",439,0.37,,,
127,"HIPP5715",440,5.0e-03,,,
127,"HIPP5715",452,0.08,,,
127,"HIPP5758",438,0.24,,,
127,"HIPP5758",444,5.0e-03,,,
127,"HIPP5758",452,0.23,,,
128,"HIPP5763",452,5.0e-03,,,
128,"HIPP5788",438,0.16,,,
128,"HIPP5788",444,1.0e-03,,,
128,"HIPP5788",452,0.55,,,
129,"HIPP5844",438,0.09,,,
129,"HIPP5844",444,1.0e-03,,,
129,"HIPP5844",452,0.13,,,
130,"HIPP5859",366,5.0e-03,,,
130,"HIPP5859",452,0.10,,,
130,"HIPP5884",366,0.02,,,
130,"HIPP5884",438,0.02,,,
130,"HIPP5884",439,0.32,,,
130,"HIPP5884",440,1.0e-03,,,
130,"HIPP5884",444,1.0e-03,,,
130,"HIPP5884",452,0.07,,,
130,"HIPP5919",439,0.05,,,
130,"HIPP5919",452,5.0e-03,,,
130,"HIPP5944",438,5.0e-03,,,
130,"HIPP5944",439,0.17,,,
130,"HIPP5944",440,1.0e-03,,,
130,"HIPP5944",452,5.0e-03,,,
130,"HIPP6032",438,0.18,,,
130,"HIPP6032",439,1.0e-03,,,
130,"HIPP6032",440,1.0e-03,,,
130,"HIPP6032",444,5.0e-03,,,
130,"HIPP6032",452,0.48,,,
130,"HIPP6137",452,5.0e-03,,,
130,"HIPP6139",366,1.0e-03,,,
130,"HIPP6139",440,1.0e-03,,,
130,"HIPP6139",452,5.0e-03,,,
131,"HIPP6188",30,0.14,,,
131,"HIPP6188",438,1.0e-03,,,
131,"HIPP6188",439,0.04,,,
131,"HIPP6188",448,0.02,,,
131,"HIPP6188",452,0.39,,,
131,"HIPP6213",366,0.04,,,
131,"HIPP6213",438,5.0e-03,,,
131,"HIPP6213",439,2.02,,,
131,"HIPP6213",440,1.0e-03,,,
131,"HIPP6213",444,0.02,,,
131,"HIPP6213",452,0.05,,,
131,"HIPP6235",173,0.19,,,
131,"HIPP6235",366,0.17,,,
131,"HIPP6235",438,5.0e-03,,,
131,"HIPP6235",451,0.39,,,
131,"HIPP6235",452,0.17,,,
131,"HIPP6260",366,0.05,,,
131,"HIPP6260",438,1.0e-03,,,
131,"HIPP6260",439,0.31,,,
131,"HIPP6260",440,1.0e-03,,,
131,"HIPP6260",451,0.11,,,
131,"HIPP6260",452,5.0e-03,,,
131,"HIPP6376",366,0.10,,,
131,"HIPP6376",439,0.33,,,
131,"HIPP6376",452,5.0e-03,,,
131,"HIPP6403",438,5.0e-03,,,
131,"HIPP6403",439,5.0e-03,,,
131,"HIPP6403",444,1.0e-03,,,
131,"HIPP6403",452,0.28,,,
131,"HIPP6495",366,0.08,,,
131,"HIPP6495",438,5.0e-03,,,
131,"HIPP6495",440,5.0e-03,,,
131,"HIPP6495",452,0.04,,,
132,"HIPP6521",14,1.0e-03,,,
132,"HIPP6521",366,0.12,,,
132,"HIPP6521",438,5.0e-03,,,
132,"HIPP6521",439,1.35,,,
132,"HIPP6521",444,5.0e-03,,,
132,"HIPP6521",452,0.11,,,
132,"HIPP6647",14,1.0e-03,,,
132,"HIPP6647",366,0.17,,,
132,"HIPP6647",438,0.02,,,
132,"HIPP6647",439,0.23,,,
132,"HIPP6647",452,5.0e-03,,,
132,"HIPP6648",444,1.0e-03,,,
132,"HIPP6648",451,1.0e-03,,,
132,"HIPP6775",14,1.0e-03,,,
132,"HIPP6775",366,0.35,,,
132,"HIPP6775",438,0.06,,,
132,"HIPP6775",439,0.06,,,
132,"HIPP6775",440,1.0e-03,,,
132,"HIPP6775",444,0.03,,,
132,"HIPP6775",452,0.24,,,
132,"HIPP6777",366,0.05,,,
132,"HIPP6777",438,5.0e-03,,,
132,"HIPP6777",439,0.11,,,
132,"HIPP6777",452,5.0e-03,,,
132,"HIPP6778",439,0.03,,,
132,"HIPP6792",366,0.07,,,
132,"HIPP6792",438,5.0e-03,,,
132,"HIPP6792",439,0.08,,,
132,"HIPP6792",440,5.0e-03,,,
132,"HIPP6792",452,0.14,,,
133,"HIPP6816",14,1.0e-03,,,
133,"HIPP6816",366,0.02,,,
133,"HIPP6816",438,5.0e-03,,,
133,"HIPP6816",439,0.12,,,
133,"HIPP6816",440,1.0e-03,,,
133,"HIPP6816",444,5.0e-03,,,
133,"HIPP6816",452,0.05,,,
133,"HIPP6820",366,0.05,,,
133,"HIPP6820",438,0.03,,,
133,"HIPP6820",439,0.06,,,
133,"HIPP6820",440,1.0e-03,,,
133,"HIPP6820",444,1.0e-03,,,
133,"HIPP6820",452,5.0e-03,,,
133,"HIPP6823",452,5.0e-03,,,
133,"HIPP6826",366,5.0e-03,,,
133,"HIPP6826",438,5.0e-03,,,
133,"HIPP6826",440,1.0e-03,,,
133,"HIPP6826",452,0.04,,,
134,"HIPP6837",14,1.0e-03,,,
134,"HIPP6837",438,5.0e-03,,,
134,"HIPP6837",439,0.06,,,
134,"HIPP6837",440,1.0e-03,,,
134,"HIPP6837",444,5.0e-03,,,
134,"HIPP6837",452,0.04,,,
134,"HIPP6838",438,5.0e-03,,,
134,"HIPP6838",452,5.0e-03,,,
134,"HIPP6841",438,5.0e-03,,,
134,"HIPP6841",452,5.0e-03,,,
135,"HIPP6863",14,1.0e-03,,,
135,"HIPP6863",438,5.0e-03,,,
135,"HIPP6863",439,0.05,,,
135,"HIPP6863",440,1.0e-03,,,
135,"HIPP6863",444,1.0e-03,,,
135,"HIPP6863",452,0.07,,,
135,"HIPP6864",452,5.0e-03,,,
136,"HIPP6880",30,0.07,,,
136,"HIPP6880",439,5.0e-03,,,
136,"HIPP6880",451,5.0e-03,,,
136,"HIPP6880",452,0.18,,,
136,"HIPP6905",438,5.0e-03,,,
136,"HIPP6905",439,0.32,,,
136,"HIPP6905",440,1.0e-03,,,
136,"HIPP6905",444,1.0e-03,,,
136,"HIPP6905",452,0.09,,,
136,"HIPP7015",438,5.0e-03,,,
136,"HIPP7015",439,0.25,,,
136,"HIPP7015",451,5.0e-03,,,
136,"HIPP7015",452,0.09,,,
136,"HIPP7137",438,0.13,,,
136,"HIPP7137",444,1.0e-03,,,
136,"HIPP7137",452,1.07,,,
136,"HIPP7255",366,0.03,,,
136,"HIPP7255",438,0.12,,,
136,"HIPP7255",439,0.05,,,
136,"HIPP7255",440,1.0e-03,,,
136,"HIPP7255",444,1.0e-03,,,
136,"HIPP7255",452,0.09,,,
