"","trackdistm","sldistm","trackdistNm","sldistNm","lat_start","lon_start","lat_end","lon_end","mean_grnd_spd","med_grnd_spd","start_time","end_time","midoc.stn","CE","total.t","ce_duration","t.check"
"1",24384.5692185678,23603.1538492031,13.1666188415502,12.7446881429542,-61.599934,93.037526,-61.782204,92.810393,8.79794084435599,11.0640001296997,2016-01-24 21:52:07,2016-01-24 23:21:59,"MIDOC01",1,89.8833333333333,89.8833311955134,-2.13781991931228e-06
"2",2491.37141308921,1702.4237906163,1.34523343409741,0.919235642709804,-61.782303,92.810159,-61.796749,92.799666,2.71047903999661,2.53699994087219,2016-01-24 23:22:11,2016-01-24 23:51:59,"MIDOC01",2,29.8333333333333,29.8166544040044,-0.016678929328922
"3",2873.28148222637,2416.53971057582,1.55144844929851,1.30482753250339,-61.796843,92.799825,-61.81599,92.778314,3.12553772978306,3.13899993896484,2016-01-24 23:52:11,2016-01-25 00:21:58,"MIDOC01",3,29.8166666666667,29.7999935944875,-0.0166730721791595
"4",4200.13541531493,4173.00332028024,2.2678925184472,2.25324235380856,-61.816133,92.778085,-61.84802,92.736562,4.56948603491543,4.85599994659424,2016-01-25 00:22:10,2016-01-25 00:51:59,"MIDOC01",4,29.8333333333333,29.8333295981089,-3.73522440710872e-06
"5",4368.48032933395,4345.63895256529,2.35879153318617,2.3464581719103,-61.848224,92.736272,-61.881154,92.69205,4.75909832602773,4.76000022888184,2016-01-25 00:52:11,2016-01-25 01:21:59,"MIDOC01",5,29.8166666666667,29.8166544040044,-1.22626622527378e-05
"6",4549.53205437822,4452.01673713305,2.4565516794859,2.40389760133215,-61.881347,92.691775,-61.91047,92.633814,3.17593534316482,2.76699995994568,2016-01-25 01:22:11,2016-01-25 02:08:34,"MIDOC01",6,46.4166666666667,46.399996805191,-0.0166698614756342
"7",11889.189875247,11733.9897626267,6.41965129746874,6.33584991025864,-62.126735,92.038762,-62.182457,91.847787,4.32284836559848,5.01800012588501,2016-01-25 11:15:44,2016-01-25 12:44:59,"MIDOC02",1,89.2666666666667,89.2500047922134,-0.0166618744532201
"8",3085.55361877796,3033.18115068107,1.66606627533449,1.6377873945783,-62.182614,91.847232,-62.194826,91.795177,3.35463498836792,2.8970000743866,2016-01-25 12:45:10,2016-01-25 13:14:59,"MIDOC02",2,29.85,29.8166688044866,-0.0333311955134086
"9",2342.0834249045,2241.79268444546,1.26462433986116,1.21047165251512,-62.194859,91.794953,-62.206971,91.760568,2.55106707396222,2.53299999237061,2016-01-25 13:15:11,2016-01-25 13:44:58,"MIDOC02",3,29.8166666666667,29.7999936024348,-0.016673064231874
"10",2343.23361207552,2267.41524046306,1.26524539147546,1.22430673099471,-62.207058,91.760397,-62.21934,91.725656,2.54836612729936,2.55599999427795,2016-01-25 13:45:10,2016-01-25 14:14:59,"MIDOC02",4,29.8333333333333,29.816668788592,-0.0166645447413138
"11",2324.60616215454,2280.26439192299,1.25518736949848,1.23124472026956,-62.219418,91.725395,-62.230843,91.689025,2.53209060370522,2.52500009536743,2016-01-25 14:15:10,2016-01-25 14:44:58,"MIDOC02",5,29.8166666666667,29.7833471934001,-0.0333194732666016
"12",4105.38421153294,4007.12575910293,2.21673094270669,2.16367560350794,-62.23092,91.68876,-62.252707,91.627438,2.48444203371892,2.4760000705719,2016-01-25 14:45:11,2016-01-25 15:38:56,"MIDOC02",6,53.7833333333333,53.7666623989741,-0.0166709343592331
"13",2522.05482222135,1351.7253849122,1.36180115564217,0.729873583661035,-62.316527,91.529011,-62.304478,91.526033,0.82597914209987,0.814000010490417,2016-01-25 22:39:05,2016-01-26 00:18:59,"MIDOC03",1,99.9166666666667,99.9,-0.0166666666666657
"14",1859.74742642756,1518.48725279025,1.00418364113155,0.819917821554862,-62.304486,91.526117,-62.302805,91.497069,2.02745530743714,1.42400002479553,2016-01-26 00:19:10,2016-01-26 00:48:58,"MIDOC03",2,29.8333333333333,29.7999936024348,-0.0333397308985433
"15",2610.18947243829,2558.28814438004,1.40939007696936,1.38136559157501,-62.302795,91.496713,-62.300399,91.44767,2.8354547485293,2.80550003051758,2016-01-26 00:49:10,2016-01-26 01:18:59,"MIDOC03",3,29.8333333333333,29.8333295981089,-3.73522440710872e-06
"16",6737.5778780829,6688.69057397689,3.63800233831601,3.61160529625284,-62.30039,91.447389,-62.306022,91.319023,7.3213547353638,6.72399997711181,2016-01-26 01:19:11,2016-01-26 01:48:59,"MIDOC03",4,29.8333333333333,29.8166544040044,-0.016678929328922
"17",11039.8420841639,11024.8680303462,5.96104001223888,5.95295466706164,-62.306082,91.317741,-62.317305,91.106532,12.0026655479832,12.0015001296997,2016-01-26 01:49:11,2016-01-26 02:18:58,"MIDOC03",5,29.8166666666667,29.7999935944875,-0.0166730721791595
"18",17456.4798298637,17435.8230334815,9.42574847949372,9.41459469768957,-62.317376,91.105225,-62.338489,90.771923,12.0940598612246,12.1110000610352,2016-01-26 02:19:10,2016-01-26 03:05:55,"MIDOC03",6,46.7666666666667,46.7666640043259,-2.6623408047044e-06
"19",20715.6150429411,14705.4740745992,11.1855413517413,7.94032366489837,-62.381438,89.629843,-62.397935,89.347786,6.7718998829604,5.14799976348877,2016-01-26 19:09:55,2016-01-26 20:48:59,"MIDOC04",1,99.0833333333333,99.0666719992956,-0.0166613340377779
"20",11922.9120629621,11914.6323945196,6.43785982878085,6.43338916384759,-62.398014,89.346366,-62.408168,89.11697,12.9536809985198,13.1070003509521,2016-01-26 20:49:11,2016-01-26 21:18:59,"MIDOC04",2,29.8333333333333,29.8166544040044,-0.016678929328922
"21",11158.3400389185,11151.8342248725,6.02502381239429,6.0215109525595,-62.408223,89.115978,-62.416933,88.901044,12.1345852355573,12.2270002365112,2016-01-26 21:19:10,2016-01-26 21:48:58,"MIDOC04",3,29.8333333333333,29.8166544040044,-0.016678929328922
"22",11414.7814595858,11402.7481384539,6.16349115257357,6.15699367659514,-62.41698,88.899465,-62.42262,88.67914,12.4214790343172,12.4139995574951,2016-01-26 21:49:12,2016-01-26 22:18:59,"MIDOC04",4,29.8333333333333,29.7999936103821,-0.0333397229512542
"23",12072.3842403027,12056.7519477329,6.5185683772411,6.51012761144199,-62.422617,88.677781,-62.429702,88.444916,13.1260458491514,13.1750001907349,2016-01-26 22:19:11,2016-01-26 22:48:59,"MIDOC04",5,29.8166666666667,29.8166544040044,-1.22626622527378e-05
"24",22702.9434012252,22647.4609215837,12.2586132100953,12.2286550568356,-62.429771,88.443651,-62.458833,88.009538,13.2107050499444,13.2069997787476,2016-01-26 22:49:10,2016-01-26 23:44:53,"MIDOC04",6,55.7333333333333,55.7166671991348,-0.016666134198509
"25",33653.1601773284,33418.1839018792,18.1712594098697,18.044382325107,-62.472543,85.857973,-62.500111,85.212584,10.9161499970953,12.2705001831055,2016-01-27 20:39:00,2016-01-27 22:18:59,"MIDOC05",1,100,99.9999936024348,-6.39756520115498e-06
"26",9030.15877564379,8263.63126469797,4.8758974420203,4.46200554679252,-62.500116,85.212475,-62.511299,85.053936,9.76731628534064,10.8620004653931,2016-01-27 22:19:01,2016-01-27 22:48:59,"MIDOC05",2,30,29.9833199977875,-0.0166800022125244
"27",10150.7061112373,10125.7065306462,5.48094481970537,5.46744612116813,-62.511302,85.053846,-62.513037,84.857328,10.9853852135795,11.2130002975464,2016-01-27 22:49:01,2016-01-27 23:18:58,"MIDOC05",3,30,29.9666592041651,-0.0333407958348602
"28",11053.8018117469,11028.1625262362,5.96857766486542,5.95473355317892,-62.513037,84.857217,-62.515236,84.643184,11.944154999521,11.9499998092651,2016-01-27 23:19:00,2016-01-27 23:48:59,"MIDOC05",4,30,29.9999952077866,-4.79221343852032e-06
"29",10990.2967581706,10968.0131546514,5.9342876666515,5.92225547894608,-62.515237,84.643071,-62.517602,84.430198,11.8788761043549,11.8879995346069,2016-01-27 23:49:01,2016-01-28 00:18:59,"MIDOC05",5,30,29.9833199977875,-0.0166800022125244
"30",10817.505560691,10774.2115227492,5.84098785003405,5.81761093118907,-62.517609,84.430078,-62.519187,84.22092,11.6881768711417,11.6869997978211,2016-01-28 00:19:01,2016-01-28 00:48:58,"MIDOC05",6,30,29.9666592041651,-0.0333407958348602
"31",6479.60949302624,5933.72828952197,3.49871050302597,3.20395812602542,-62.521778,81.993201,-62.535113,81.88163,2.12657965638268,2.19199991226196,2016-01-28 23:14:00,2016-01-29 00:52:58,"MIDOC06",1,99,98.9833247979482,-0.0166752020518004
"32",3665.40225882895,1737.57110816501,1.9791596074705,0.938213682851455,-62.535079,81.881447,-62.522206,81.862411,3.98765530458251,2.25100004673004,2016-01-29 00:53:10,2016-01-29 01:22:58,"MIDOC06",2,29.8333333333333,29.8166543960571,-0.0166789372762075
"33",10405.0658051746,10364.4996137269,5.61828811696465,5.59638411792916,-62.521665,81.862156,-62.430524,81.822243,11.2947893803346,11.2884998321533,2016-01-29 01:23:10,2016-01-29 01:52:59,"MIDOC06",3,29.8333333333333,29.8333295981089,-3.73522440710872e-06
"34",6332.82452998837,4537.79102503498,3.41945293473893,2.45021202850481,-62.429971,81.822048,-62.389256,81.821997,6.87877932970084,6.27549982070923,2016-01-29 01:53:11,2016-01-29 02:23:00,"MIDOC06",4,29.8333333333333,29.8166687965393,-0.0166645367940284
"35",3243.27814972115,571.143180908166,1.75123073988898,0.308392758533631,-62.389284,81.822272,-62.386525,81.812968,3.53530497890681,2.6029999256134,2016-01-29 02:23:11,2016-01-29 02:52:58,"MIDOC06",5,29.8166666666667,29.7833328088125,-0.0333338578542062
"36",6225.62741703872,2158.89890482268,3.36157110322198,1.16571257595134,-62.386782,81.813109,-62.374196,81.781393,4.09183389750346,2.92650008201599,2016-01-29 02:53:10,2016-01-29 03:42:30,"MIDOC06",6,49.35,49.349995191892,-4.80810801661846e-06
"37",38291.0547272828,38144.1502496908,20.6755230373794,20.5962009363723,-63.365051,82.115973,-63.631258,82.597181,12.5274196924987,12.5310001373291,2016-01-29 21:11:59,2016-01-29 22:50:59,"MIDOC07",1,99.0333333333333,99.0166608015696,-0.0166725317637173
"38",10032.008716959,10002.565403073,5.41685333078301,5.40095520734707,-63.631742,82.598126,-63.701921,82.724014,10.8999050348165,10.621000289917,2016-01-29 22:51:11,2016-01-29 23:21:00,"MIDOC07",2,29.8333333333333,29.8333295981089,-3.73522440710872e-06
"39",5471.41347952617,5372.12199403079,2.95432800816451,2.90071487553089,-63.702336,82.724722,-63.742839,82.783632,5.95114972578081,4.22099995613098,2016-01-29 23:21:12,2016-01-29 23:51:00,"MIDOC07",3,29.8333333333333,29.8166543960571,-0.0166789372762075
"40",3492.40244776414,3430.88665303699,1.88574714848738,1.85253126451389,-63.743003,82.78389,-63.767286,82.826597,3.80385067332244,3.83399999141693,2016-01-29 23:51:12,2016-01-30 00:20:59,"MIDOC07",4,29.8333333333333,29.7999935944875,-0.0333397388458287
"41",4947.63811527203,4904.5439584359,2.67151183380794,2.64824284216517,-63.767511,82.826982,-63.802708,82.886666,5.38554277014906,5.36999988555908,2016-01-30 00:21:11,2016-01-30 00:50:58,"MIDOC07",5,29.8166666666667,29.7999935944875,-0.0166730721791595
"42",4020.92905274339,3899.40787541121,2.17112878853216,2.10551257818341,-63.802907,82.887016,-63.828381,82.941273,2.88085273754233,2.65700006484985,2016-01-30 00:51:10,2016-01-30 01:36:32,"MIDOC07",6,45.3833333333333,45.3833279848099,-5.34852345879244e-06
"43",19013.5080547712,18797.8881530749,10.2664767687301,10.1500512934699,-63.937517,83.076553,-63.796713,82.866161,6.16902571567941,6.46849989891052,2016-01-30 10:56:13,2016-01-30 12:36:00,"MIDOC08",1,99.8,99.799991997083,-8.00291697089506e-06
"44",6214.72645895958,6182.97215447628,3.35568505460044,3.33853909561455,-63.796306,82.865479,-63.750015,82.79643,6.74877517202023,6.4449999332428,2016-01-30 12:36:12,2016-01-30 13:05:59,"MIDOC08",2,29.8333333333333,29.7999935944875,-0.0333397388458287
"45",3347.58457706339,464.284543959725,1.80755172547742,0.250693689502861,-63.749709,82.795907,-63.746159,82.790989,3.63232775123209,3.38299989700317,2016-01-30 13:06:11,2016-01-30 13:36:00,"MIDOC08",3,29.8333333333333,29.8333295981089,-3.73522440710872e-06
"46",4702.11005394566,4644.0927290105,2.53893723839833,2.50761037767832,-63.746285,82.791172,-63.779857,82.8469,5.11027445374687,5.34700012207031,2016-01-30 13:36:12,2016-01-30 14:06:00,"MIDOC08",4,29.8333333333333,29.8166543960571,-0.0166789372762075
"47",3327.26754717005,3225.70851556096,1.7965814029673,1.74174389293675,-63.78007,82.847249,-63.802324,82.889074,3.63033985528551,3.1029999256134,2016-01-30 14:06:12,2016-01-30 14:35:59,"MIDOC08",5,29.8333333333333,29.7999935944875,-0.0333397388458287
"48",3505.19293465475,3340.43266763831,1.89265346141737,1.80369000191998,-63.802414,82.889248,-63.823728,82.936916,2.43965396761427,2.41899991035461,2016-01-30 14:36:11,2016-01-30 15:22:59,"MIDOC08",6,46.8333333333333,46.8166607936223,-0.0166725397110028
"49",13697.0020742656,5098.67508633753,7.39579214901425,2.75306530359355,-64.27505,83.595454,-64.31681,83.6384,4.48585375305861,3.14549994468689,2016-01-31 00:30:57,2016-01-31 02:09:58,"MIDOC09",1,99.05,99.0333216031392,-0.0166783968607547
"50",2784.62508037982,2295.53648860005,1.50357780452665,1.23949099577502,-64.316867,83.638304,-64.33277,83.608153,3.01414539998288,3.08699989318848,2016-01-31 02:10:05,2016-01-31 02:39:59,"MIDOC09",2,29.9333333333333,29.9166623989741,-0.0166709343592331
"51",6461.4612822162,5898.76504423278,3.48891124956161,3.1850794769888,-64.332755,83.608154,-64.360919,83.504816,7.02416592272592,7.81850004196167,2016-01-31 02:40:11,2016-01-31 03:09:59,"MIDOC09",3,29.8333333333333,29.8166543960571,-0.0166789372762075
"52",6313.6338523656,3236.35565487635,3.40909079402177,1.74749289034007,-64.361303,83.504239,-64.390289,83.507927,6.86330297194492,5.98899984359741,2016-01-31 03:10:10,2016-01-31 03:39:58,"MIDOC09",4,29.8333333333333,29.8166543960571,-0.0166789372762075
"53",4147.66042402744,2096.3494549162,2.23955827957659,1.13193856262818,-64.390522,83.508461,-64.378891,83.474327,4.50349469526995,4.74900007247925,2016-01-31 03:40:10,2016-01-31 04:09:59,"MIDOC09",5,29.8333333333333,29.8333296060562,-3.72727712161236e-06
"54",3149.26341370506,1488.32830530484,1.70046682507394,0.803633286747488,-64.37866,83.474049,-64.365785,83.482201,2.4767059788472,1.83149999380112,2016-01-31 04:10:11,2016-01-31 04:51:26,"MIDOC09",6,41.3,41.2666559934616,-0.0333440065383925
"55",2103.75145030742,1456.01512081308,1.13593532185365,0.786185556588866,-64.362642,83.490204,-64.3562,83.516426,0.81139630860867,0.769999980926514,2016-01-31 05:16:40,2016-01-31 06:40:39,"MIDOC10",1,84,83.9999952077866,-4.79221344562575e-06
"56",198.583768386213,176.566383914048,0.107226695826515,0.0953382549590776,-64.35595,83.521318,-64.355793,83.524955,0.938582925843756,0.914000004529953,2016-01-31 06:53:42,2016-01-31 07:00:30,"MIDOC13",NA,6.85,6.81665760676066,-0.0333423932393391
"57",7256.06392953265,5689.42346587969,3.91796251119866,3.072044026366,-64.345579,83.533606,-64.341927,83.651026,2.3668106143598,1.41649997234345,2016-01-31 08:22:28,2016-01-31 10:02:00,"MIDOC11",1,99.55,99.5333328088125,-0.0166671911875369
"58",6428.08333659305,6168.09753494319,3.47088859417677,3.33050744067532,-64.34186,83.651316,-64.300497,83.73601,6.9789390729885,4.74900007247925,2016-01-31 10:02:11,2016-01-31 10:32:00,"MIDOC11",2,29.8333333333333,29.8166688044866,-0.0166645288467429
"59",6823.20518531138,6680.22190383497,3.68423740224518,3.60703257852902,-64.300398,83.736239,-64.262496,83.843057,7.41415036470947,7.4850001335144,2016-01-31 10:32:12,2016-01-31 11:01:59,"MIDOC11",3,29.8333333333333,29.7999936103821,-0.0333397229512542
"60",3141.53155480417,1025.67570220853,1.6962919537374,0.553820775137409,-64.262399,83.843582,-64.269305,83.829599,3.41777236816334,2.76999998092651,2016-01-31 11:02:11,2016-01-31 11:31:58,"MIDOC11",4,29.8166666666667,29.7999935944875,-0.0166730721791595
"61",2764.53325651925,1094.10486080317,1.49272908359036,0.590769578324699,-64.26935,83.829371,-64.263692,83.847817,3.01169832558605,2.88650000095368,2016-01-31 11:32:10,2016-01-31 12:01:58,"MIDOC11",5,29.8333333333333,29.8166544040044,-0.016678929328922
"62",5681.9845768344,4988.35431135606,3.06802734615377,2.69349682889688,-64.263644,83.848091,-64.268475,83.950415,4.48336886720567,3.8840000629425,2016-01-31 12:02:10,2016-01-31 12:43:16,"MIDOC11",6,41.1166666666667,41.1166655858358,-1.08083089145339e-06
"63",2181.14920229531,1592.68264351782,1.17772677982377,0.859980142145953,-64.645203,84.326896,-64.657833,84.34247,0.703235480423335,0.651000022888184,2016-02-01 00:42:07,2016-02-01 02:21:59,"MIDOC12",1,99.9,99.8833247900009,-0.016675209999093
"64",473.700265537362,425.80943000632,0.255777774278757,0.229918782397923,-64.657844,84.342485,-64.661477,84.345235,0.517836211179189,0.50900000333786,2016-02-01 02:22:04,2016-02-01 02:51:58,"MIDOC12",2,29.9166666666667,29.9166623989741,-4.26769256733905e-06
"65",4801.63882023233,4642.92824083087,2.59267849245619,2.50698160413431,-64.661489,84.345354,-64.638344,84.426118,5.21418558605028,4.19199991226196,2016-02-01 02:52:11,2016-02-01 03:21:58,"MIDOC12",3,29.8333333333333,29.7999935944875,-0.0333397388458287
"66",8183.1512125794,8149.32572318765,4.41854977929074,4.40028546951523,-64.638115,84.426824,-64.602838,84.576008,8.87929162313152,9.07699966430664,2016-02-01 03:22:10,2016-02-01 03:51:59,"MIDOC12",4,29.8333333333333,29.8333295981089,-3.73522440710872e-06
"67",7727.2788282903,6638.94787132743,4.17239829428715,3.58474637575835,-64.602608,84.576959,-64.554336,84.65809,8.39416815715129,8.89550018310547,2016-02-01 03:52:11,2016-02-01 04:21:59,"MIDOC12",5,29.8333333333333,29.8166544040044,-0.016678929328922
"68",14040.5553330052,13336.999196306,7.58129613594351,7.20140607503981,-64.553829,84.658011,-64.438896,84.735008,8.60894542206725,8.62050008773804,2016-02-01 04:22:11,2016-02-01 05:15:00,"MIDOC12",6,52.85,52.8333264112473,-0.0166735887527452
"69",26485.3454270013,26406.3837696393,14.3009476607274,14.2583117611031,-65.164247,85.441267,-65.166509,86.004479,9.5423693669742,12.4469995498657,2016-02-01 23:08:05,2016-02-02 00:37:58,"MIDOC14",1,89.9166666666667,89.8999920050303,-0.0166746616363582
"70",11516.9911242936,11513.0461765341,6.21867997650019,6.21654987434284,-65.166523,86.005987,-65.16547,86.251548,12.5102802954993,12.5089998245239,2016-02-02 00:38:10,2016-02-02 01:07:59,"MIDOC14",2,29.8333333333333,29.8333295981089,-3.73522440710872e-06
"71",11582.6616725104,11579.5488848949,6.25413924870368,6.25245847724117,-65.165456,86.253069,-65.163004,86.499976,12.597647648263,12.5950002670288,2016-02-02 01:08:11,2016-02-02 01:37:58,"MIDOC14",3,29.8333333333333,29.7999936024348,-0.0333397308985433
"72",11418.7353621375,11408.2104235789,6.16562608993367,6.15994307568441,-65.162977,86.501495,-65.162828,86.744804,12.3923655146999,12.3979997634888,2016-02-02 01:38:10,2016-02-02 02:08:00,"MIDOC14",4,29.85,29.8499903996785,-9.60032145158607e-06
"73",11105.0756041997,11098.718066557,5.99626330801685,5.9928305110639,-65.162845,86.746274,-65.16618,86.982864,12.0719407228815,12.076000213623,2016-02-02 02:08:12,2016-02-02 02:37:59,"MIDOC14",5,29.8166666666667,29.7999935944875,-0.0166730721791595
"74",15153.4490879717,15146.4879258724,8.18221090919395,8.17845218099026,-65.166169,86.984331,-65.167237,87.307405,12.2104970922518,12.2209997177124,2016-02-02 02:38:11,2016-02-02 03:18:22,"MIDOC14",6,40.2166666666667,40.1999903996785,-0.0166762669881209
"75",1711.52327112873,522.903635663451,0.924148970908856,0.28234547840193,-65.00426,91.38539,-65.007813,91.378153,0.61383262167445,0.577000021934509,2016-02-02 23:06:09,2016-02-03 00:35:59,"MIDOC15",1,89.8666666666667,89.8333343903224,-0.0333322763443107
"76",1660.26297541565,1179.90599167454,0.896470615416508,0.63709849954661,-65.007831,91.378132,-65.004424,91.354447,1.79806983304111,0.970500022172928,2016-02-03 00:36:10,2016-02-03 01:05:59,"MIDOC15",2,29.85,29.8166687965393,-0.0333312034606941
"77",8871.51874570828,8821.06454079309,4.7902386473764,4.76299554625302,-65.004103,91.353666,-64.944287,91.231396,9.63956934813685,9.33650016784668,2016-02-03 01:06:11,2016-02-03 01:35:58,"MIDOC15",3,29.8166666666667,29.7999935944875,-0.0166730721791595
"78",8120.3104236813,8100.56704043372,4.38461845543968,4.37395787745147,-64.943935,91.230789,-64.889907,91.116335,8.82278602695998,8.8459997177124,2016-02-03 01:36:10,2016-02-03 02:05:59,"MIDOC15",4,29.8333333333333,29.816668788592,-0.0166645447413138
"79",9021.59650116578,8991.11193318339,4.87127418197997,4.8548138261059,-64.889563,91.115512,-64.832911,90.98057,9.79645610748555,9.68200016021729,2016-02-03 02:06:10,2016-02-03 02:35:59,"MIDOC15",5,29.85,29.8166687965393,-0.0333312034606941
"80",17857.8286402603,17842.8978270317,9.64245957910904,9.63439758199054,-64.832458,90.979578,-64.716635,90.72074,12.3552441277962,12.3549995422363,2016-02-03 02:36:11,2016-02-03 03:22:59,"MIDOC15",6,46.8333333333333,46.8166607936223,-0.0166725397110028
"81",32697.6046010906,32612.5177747854,17.6553004875911,17.6093572601198,-64.198113,89.577409,-63.985302,89.118577,11.8775799261296,12.6420001983643,2016-02-03 16:01:50,2016-02-03 17:30:59,"MIDOC16",1,89.1833333333333,89.1666575988134,-0.0166757345199642
"82",5046.59350745028,2192.77770142137,2.72494349050233,1.18400566932638,-63.985254,89.118436,-63.971208,89.087088,5.48652234830004,3.18099999427795,2016-02-03 17:31:11,2016-02-03 18:00:59,"MIDOC16",2,29.8333333333333,29.8166543960571,-0.0166789372762075
"83",8671.55476937721,8657.53278124937,4.68226669860861,4.67469542796506,-63.970862,89.086353,-63.916563,88.960108,9.41723755633384,9.19999980926514,2016-02-03 18:01:10,2016-02-03 18:30:58,"MIDOC16",3,29.8333333333333,29.8166543960571,-0.0166789372762075
"84",8513.66859566246,8507.94149956011,4.59701495390811,4.59392256827798,-63.916244,88.959338,-63.865321,88.830329,9.24269291916618,9.24100017547607,2016-02-03 18:31:10,2016-02-03 19:00:59,"MIDOC16",4,29.8333333333333,29.8333295981089,-3.73522440710872e-06
"85",8467.41612527053,8460.92967851864,4.5720406087527,4.56853820642389,-63.865015,88.829534,-63.81512,88.699973,9.21433761067868,9.2189998626709,2016-02-03 19:01:11,2016-02-03 19:30:59,"MIDOC16",5,29.85,29.8166543960571,-0.0333456039428732
"86",7856.61513726787,7835.82765247835,4.24223433967375,4.23100999174925,-63.814812,88.699184,-63.763901,88.58959,6.72179586542266,8.74699974060059,2016-02-03 19:31:11,2016-02-03 20:09:03,"MIDOC16",6,37.8833333333333,37.8666719992956,-0.0166613340377779
"87",7268.48210004857,7126.44025772955,3.92466778929592,3.84797130224287,-63.20252,87.517636,-63.144234,87.459494,2.61819903360527,2.62549996376038,2016-02-04 07:02:13,2016-02-04 08:31:58,"MIDOC17",1,89.8,89.7666623989741,-0.0333376010258917
"88",2422.86752830889,2398.54509800917,1.30824428198308,1.29511121548574,-63.144128,87.459347,-63.12429,87.440924,2.62159418959802,2.61899995803833,2016-02-04 08:32:10,2016-02-04 09:01:58,"MIDOC17",2,29.8333333333333,29.8166544040044,-0.016678929328922
"89",5709.91892426244,4913.1418097197,3.08311069258797,2.65288531215082,-63.124161,87.440849,-63.114091,87.346068,6.20122445168807,6.71199989318848,2016-02-04 09:02:10,2016-02-04 09:31:59,"MIDOC17",3,29.8333333333333,29.8333295981089,-3.73522440710872e-06
"90",7269.67787441824,4320.00019571213,3.92531345603725,2.33261434567614,-63.113988,87.345154,-63.11083,87.259856,7.90004977913494,9.79499959945679,2016-02-04 09:32:11,2016-02-04 10:01:58,"MIDOC17",4,29.8333333333333,29.7999935944875,-0.0333397388458287
"91",609.195047730418,217.616425856473,0.328939130387373,0.117503512456184,-63.110846,87.259892,-63.112793,87.260211,0.668684151509037,0.617999970912933,2016-02-04 10:02:10,2016-02-04 10:32:00,"MIDOC17",5,29.85,29.8499904076258,-9.59237416608971e-06
"92",926.585416025635,409.892331366348,0.500316281480954,0.221324233567579,-63.112828,87.260207,-63.115961,87.255955,0.651123887541495,0.578999996185303,2016-02-04 10:32:12,2016-02-04 11:19:00,"MIDOC17",6,46.85,46.8166608095169,-0.0333391904830975
"93",26310.5471568321,26237.9334286008,14.2065641111616,14.167355820307,-63.122719,87.246202,-62.934619,86.93458,9.5765050580439,10.0609998703003,2016-02-04 16:00:59,2016-02-04 17:29:58,"MIDOC18",1,89.0166666666667,88.999991997083,-0.0166746695836508
"94",9286.05297308543,9276.98199730519,5.01406930518829,5.00917136831892,-62.934219,86.933869,-62.869589,86.818897,10.0843085555007,10.0920000076294,2016-02-04 17:30:10,2016-02-04 17:59:59,"MIDOC18",2,29.8333333333333,29.816668788592,-0.0166645447413138
"95",8361.8860563485,8350.74148849323,4.51505890932777,4.50904132190234,-62.869149,86.818144,-62.812053,86.712017,9.08419608963268,9.05849981307984,2016-02-04 18:00:10,2016-02-04 18:29:59,"MIDOC18",3,29.85,29.8166688044866,-0.0333311955134086
"96",8410.78264005056,8389.76952516406,4.54146096197378,4.53011478349901,-62.81172,86.711307,-62.756914,86.598645,9.1287231477315,9.13500022888184,2016-02-04 18:30:11,2016-02-04 18:59:58,"MIDOC18",4,29.8,29.7999936024348,-6.39756520470769e-06
"97",8437.7668003549,8425.52335920721,4.55603124821923,4.54942031646745,-62.756597,86.597972,-62.703243,86.481258,9.17466815543574,9.16849994659424,2016-02-04 19:00:10,2016-02-04 19:29:59,"MIDOC18",5,29.8333333333333,29.816668788592,-0.0166645447413138
"98",15798.9863477386,15769.8427050549,8.53077327136587,8.51503695749331,-62.702882,86.480461,-62.596571,86.277527,9.495167383168,9.51500034332275,2016-02-04 19:30:10,2016-02-04 20:24:02,"MIDOC18",6,53.9,53.8666704018911,-0.0333295981089279
"99",35226.8581723696,35196.0214781592,19.0209886581782,19.0043381692824,-61.819881,84.830476,-61.562267,84.445778,12.8082208485276,12.8100004196167,2016-02-05 12:48:57,2016-02-05 14:17:59,"MIDOC19",1,89.05,89.0499887943268,-1.12056732177734e-05
"100",11645.1629307718,11639.8770610887,6.28788724061077,6.28503309827426,-61.561737,84.44501,-61.476928,84.317344,12.6457438463599,12.6520004272461,2016-02-05 14:18:11,2016-02-05 14:47:58,"MIDOC19",2,29.8333333333333,29.7999936024348,-0.0333397308985433
"101",10030.1186006962,9885.58761119349,5.4158327492761,5.33779222977721,-61.476414,84.316532,-61.402482,84.214142,10.8833752176337,12.5830001831055,2016-02-05 14:48:10,2016-02-05 15:17:59,"MIDOC19",3,29.8333333333333,29.8333295981089,-3.73522440710872e-06
"102",4213.48769324235,4185.44249623342,2.27510217438006,2.25995897393871,-61.402354,84.213935,-61.375138,84.159965,4.58501454952648,5.20499992370605,2016-02-05 15:18:11,2016-02-05 15:47:57,"MIDOC19",4,29.8,29.7833183924357,-0.016681607564287
"103",3894.62583025146,3880.9760686782,2.10293047942509,2.09556019511527,-61.37488,84.159532,-61.348243,84.112791,4.25444550125075,5.20800018310547,2016-02-05 15:48:11,2016-02-05 16:17:58,"MIDOC19",5,29.8333333333333,29.7999936024348,-0.0333397308985433
"104",3466.56980847046,3435.55504384339,1.87179863407228,1.85505199480854,-61.348139,84.112605,-61.323491,84.074056,2.76047027340772,2.71700000762939,2016-02-05 16:18:10,2016-02-05 16:58:48,"MIDOC19",6,40.6666666666667,40.6499904076258,-0.0166762590408354
"105",31670.3573430916,31647.7596746762,17.1006311399037,17.0884293706592,-61.043276,83.566331,-60.813781,83.222504,11.5266677265557,11.6750001907349,2016-02-06 02:15:59,2016-02-06 03:44:59,"MIDOC20",1,89.0166666666667,88.9833455959956,-0.0333210706710929
"106",10886.0529129486,10878.5126768519,5.87800047271697,5.87392906945492,-60.813243,83.221702,-60.734225,83.104453,11.8098865235032,11.8100004196167,2016-02-06 03:45:10,2016-02-06 04:14:59,"MIDOC20",2,29.8333333333333,29.8166688044866,-0.0166645288467429
"107",10948.8920270019,10940.771560115,5.91193089222385,5.90754618928499,-60.733736,83.103771,-60.654689,82.984959,11.899854665898,11.9309997558594,2016-02-06 04:15:11,2016-02-06 04:44:58,"MIDOC20",3,29.8333333333333,29.7999936024348,-0.0333397308985433
"108",10925.76656129,10916.8524836198,5.89944413513446,5.89463091649792,-60.654212,82.984199,-60.573545,82.871056,11.8562962541106,11.8719997406006,2016-02-06 04:45:10,2016-02-06 05:14:59,"MIDOC20",4,29.8333333333333,29.816668788592,-0.0166645447413138
"109",4645.82038729865,4596.47804383572,2.50854323886462,2.4819004951154,-60.572988,82.870296,-60.538549,82.824172,5.0359474887395,4.57800006866455,2016-02-06 05:15:10,2016-02-06 05:44:59,"MIDOC20",5,29.85,29.8166688044866,-0.0333311955134086
"110",5183.80089548725,5148.07950597962,2.79902958012461,2.77974156581024,-60.53833,82.82391,-60.500402,82.77038,4.50718859535298,4.95499992370605,2016-02-06 05:45:11,2016-02-06 06:22:17,"MIDOC20",6,37.1333333333333,37.1166624069214,-0.0166709264119476
"111",26205.065519194,26171.9945979691,14.1496085625475,14.1317516871356,-60.16409,82.203446,-59.967505,81.946176,9.5276111171746,9.52700042724609,2016-02-06 16:21:58,2016-02-06 17:50:59,"MIDOC21",1,89.05,89.0166671991348,-0.0333328008651677
"112",8049.89518576182,6452.23914834603,4.34659725481839,3.48393169382348,-59.96702,81.945551,-59.917607,81.885348,8.74097427092409,9.28200006484986,2016-02-06 17:51:12,2016-02-06 18:20:59,"MIDOC21",2,29.8333333333333,29.7999935944875,-0.0333397388458287
"113",1560.90492499377,1375.78928637064,0.842821540584861,0.742867055700831,-59.917783,81.885247,-59.929095,81.895113,1.69536515772509,1.70799994468689,2016-02-06 18:21:11,2016-02-06 18:51:00,"MIDOC21",3,29.8333333333333,29.8333295981089,-3.73522440710872e-06
"114",6827.80506772747,5540.21870056744,3.68672114095492,2.99147986890229,-59.929183,81.895148,-59.888821,81.83731,7.4302624572771,9.36100006103516,2016-02-06 18:51:12,2016-02-06 19:20:59,"MIDOC21",4,29.8166666666667,29.7833327929179,-0.0333338737487807
"115",8228.82840980132,8217.97554371226,4.44321350167109,4.43735342065624,-59.888372,81.836754,-59.825249,81.760883,8.93713965895456,8.83100032806396,2016-02-06 19:21:10,2016-02-06 19:50:59,"MIDOC21",5,29.8333333333333,29.8166687965393,-0.0166645367940284
"116",11693.9572254374,11678.7119264696,6.31423406157548,6.30600225568072,-59.824927,81.760339,-59.741951,81.633266,8.27647138311182,8.29599952697754,2016-02-06 19:51:11,2016-02-06 20:36:53,"MIDOC21",6,45.75,45.7166591882706,-0.0333408117294312
"117",19424.5012974573,15703.6503743099,10.4883954470712,8.47929594516125,-59.34088,81.079521,-59.22712,80.916827,7.00865577959322,9.68099975585938,2016-02-07 09:03:09,2016-02-07 10:32:59,"MIDOC22",1,89.85,89.8333344062169,-0.016665593783074
"118",9906.01590346899,9877.54481162759,5.3488226291894,5.333449463852,-59.226679,80.916154,-59.154685,80.815277,10.7628898785859,10.798999786377,2016-02-07 10:33:11,2016-02-07 11:02:58,"MIDOC22",2,29.8333333333333,29.7999936024348,-0.0333397308985433
"119",6529.90612235293,6513.06417953304,3.52586852010732,3.51677459518812,-59.154269,80.814595,-59.107014,80.747612,10.6256471184478,10.6125001907349,2016-02-07 11:03:10,2016-02-07 11:23:00,"MIDOC22",3,29.8333333333333,19.8333360036214,-9.99999732971192
"120",9439.76413216486,9406.14142293822,5.09706672151134,5.07891190430545,-59.079443,80.707624,-59.010517,80.612965,10.7811723479103,10.7790002822876,2016-02-07 11:34:40,2016-02-07 12:02:59,"MIDOC22",4,29.8333333333333,28.3333247979482,-1.50000853538513
"121",10035.2259531661,10012.1464616282,5.41859049999372,5.40612856698138,-59.010048,80.612358,-58.935463,80.515229,10.8837738771934,10.8929996490479,2016-02-07 12:03:11,2016-02-07 12:33:00,"MIDOC22",5,29.8333333333333,29.8333296060562,-3.72727712161236e-06
"122",10541.0495602959,10168.6674689913,5.6917134974287,5.49064318055414,-58.935005,80.514606,-58.864784,80.401887,8.05478638940492,10.6529998779297,2016-02-07 12:33:12,2016-02-07 13:15:33,"MIDOC22",6,42.4,42.3666576067607,-0.0333423932393373
"123",34728.2089081284,34685.0390990389,18.7517394974063,18.7284296567998,-58.470426,80.810461,-58.309016,81.3176,12.6417453212238,12.6420001983643,2016-02-08 00:00:58,2016-02-08 01:29:59,"MIDOC23",1,89.0333333333333,89.0166671911875,-0.0166661421457945
"124",10172.5264330724,10151.3717288192,5.49272685522249,5.48130422457801,-58.308663,81.318719,-58.262713,81.468167,11.04894804182,12.3474998474121,2016-02-08 01:30:10,2016-02-08 01:59:59,"MIDOC23",2,29.8333333333333,29.8166688044866,-0.0166645288467429
"125",3354.66486630919,3296.25001300838,1.81137477721771,1.77983326827397,-58.262596,81.468588,-58.251781,81.520851,3.63933445263229,3.56299996376038,2016-02-08 02:00:11,2016-02-08 02:29:58,"MIDOC23",3,29.8333333333333,29.7999936024348,-0.0333397308985433
"126",4910.31125365847,4871.43803993639,2.65135693359166,2.63036706972993,-58.251661,81.521299,-58.236308,81.598967,5.3284474796423,5.3289999961853,2016-02-08 02:30:10,2016-02-08 02:59:59,"MIDOC23",4,29.8333333333333,29.816668788592,-0.0166645447413138
"127",3278.28379268053,3214.06634886909,1.7701322818444,1.73545762353631,-58.23623,81.599541,-58.230795,81.653272,3.56296812127901,2.89750003814697,2016-02-08 03:00:12,2016-02-08 03:29:59,"MIDOC23",5,29.8333333333333,29.7999936103821,-0.0333397229512542
"128",3137.70392150801,3047.70804174893,1.6942251963457,1.64563129109863,-58.230783,81.653507,-58.228907,81.705258,2.5209463912433,2.52300000190735,2016-02-08 03:30:11,2016-02-08 04:10:34,"MIDOC23",6,40.4,40.399991997083,-8.00291697089506e-06
"129",23816.6518525429,23627.6753011243,12.8599678843435,12.7579286725692,-58.065827,82.645863,-57.985678,83.016085,7.72302102774024,5.72850012779235,2016-02-08 13:07:07,2016-02-08 14:46:59,"MIDOC24",1,99.9,99.8833248058955,-0.016675194104522
"130",2307.4044840466,2174.41115653039,1.24589920299235,1.17408852484668,-57.985616,83.016293,-57.976623,83.048914,2.50714254119398,2.49300003051758,2016-02-08 14:47:11,2016-02-08 15:16:58,"MIDOC24",2,29.8333333333333,29.7999935944875,-0.0333397388458287
"131",2420.86793302114,2280.23513088071,1.3071645865103,1.23122892056496,-57.976562,83.049119,-57.966734,83.08292,2.63198548498798,2.59100008010864,2016-02-08 15:17:10,2016-02-08 15:47:00,"MIDOC24",3,29.85,29.8499904076258,-9.59237416608971e-06
"132",2366.76976760397,2224.88871524317,1.27795390340613,1.20134423601656,-57.966677,83.083139,-57.957978,83.116974,2.58060704462351,2.54099988937378,2016-02-08 15:47:12,2016-02-08 16:16:59,"MIDOC24",4,29.8166666666667,29.7999936103821,-0.0166730562845849
"133",2515.15704795764,2327.22883028742,1.35807665414406,1.25660349751551,-57.957924,83.117179,-57.94969,83.153304,2.73221252955313,2.69799995422363,2016-02-08 16:17:11,2016-02-08 16:46:58,"MIDOC24",5,29.8333333333333,29.7999935944875,-0.0333397388458287
"134",3158.12239000221,3005.18394069612,1.70525029133842,1.62267010506646,-57.949626,83.15352,-57.940345,83.201167,2.70376770967332,2.68700003623962,2016-02-08 16:47:10,2016-02-08 17:25:01,"MIDOC24",6,37.8833333333333,37.8666575988134,-0.0166757345199571
"135",11306.5987282088,10837.2725740776,6.10507712948745,5.85166118728124,-57.680179,84.164604,-57.651716,84.338245,4.11743098061994,4.54899978637695,2016-02-09 00:51:59,2016-02-09 02:20:58,"MIDOC25",1,89.0333333333333,88.9999920050303,-0.0333413283030239
"136",2479.94513139978,2380.65440905694,1.33906373331523,1.28545101275116,-57.651675,84.338449,-57.644163,84.375775,2.69322793477074,2.66849994659423,2016-02-09 02:21:10,2016-02-09 02:50:59,"MIDOC25",2,29.8333333333333,29.816668788592,-0.0166645447413138
"137",2559.33081773861,2470.81388774114,1.38192859035369,1.33413325438304,-57.644123,84.376036,-57.637137,84.415302,2.78191951008867,2.75099992752075,2016-02-09 02:51:10,2016-02-09 03:20:59,"MIDOC25",3,29.8333333333333,29.8166687965393,-0.0166645367940284
"138",2681.76423037168,2580.00562705305,1.4480373685388,1.39309209836668,-57.637097,84.415551,-57.630579,84.456997,2.92557454248968,2.90899991989136,2016-02-09 03:21:11,2016-02-09 03:51:00,"MIDOC25",4,29.85,29.8333295981089,-0.0166704018910728
"139",2630.87338235996,2543.59898885933,1.42055849891894,1.37343407922752,-57.630539,84.457244,-57.624862,84.498482,2.85941466173781,2.84100008010864,2016-02-09 03:51:12,2016-02-09 04:20:59,"MIDOC25",5,29.8166666666667,29.7833327929179,-0.0333338737487807
"140",4318.54452255166,2017.75290878807,2.33182834476343,1.08949980737048,-57.62483,84.498756,-57.615816,84.528046,3.05725291696087,2.99950003623962,2016-02-09 04:21:10,2016-02-09 05:06:54,"MIDOC25",6,45.7666666666667,45.7333343903224,-0.0333322763442965
"141",15231.8131536313,14920.7305370068,8.2245241349953,8.05655289857058,-57.668918,84.78833,-57.733722,85.007352,5.49929297587082,4.81199979782104,2016-02-09 11:53:05,2016-02-09 13:22:58,"MIDOC26",1,89.9166666666667,89.8999920050303,-0.0166746616363582
"142",2356.88574484218,2290.28036260014,1.27261695612775,1.23665291374848,-57.733773,85.007555,-57.743047,85.041874,2.58296314782101,2.58800005912781,2016-02-09 13:23:10,2016-02-09 13:52:59,"MIDOC26",2,29.8333333333333,29.8333295981089,-3.73522440710872e-06
"143",2370.15261281549,2300.61852420109,1.27978049435801,1.24223507647205,-57.743113,85.042074,-57.75183,85.0771,2.59147650963508,2.58400011062622,2016-02-09 13:53:11,2016-02-09 14:22:58,"MIDOC26",3,29.8333333333333,29.7999936024348,-0.0333397308985433
"144",2397.90758603497,2332.1206293319,1.29476698643268,1.25924485865216,-57.751879,85.077319,-57.760237,85.113236,2.61713798938517,2.58350002765656,2016-02-09 14:23:10,2016-02-09 14:52:58,"MIDOC26",4,29.8333333333333,29.8166543960571,-0.0166789372762075
"145",2518.07679678201,2439.03983899985,1.35965319296003,1.31697663434684,-57.760297,85.113497,-57.768846,85.151224,2.74284434598878,2.73449993133545,2016-02-09 14:53:12,2016-02-09 15:22:57,"MIDOC26",5,29.8,29.7666575988134,-0.0333424011866228
"146",4344.79652904126,4218.20216672325,2.34600329943153,2.27764778733739,-57.768905,85.15147,-57.78252,85.217623,2.84882790112696,2.8050000667572,2016-02-09 15:23:11,2016-02-09 16:12:44,"MIDOC26",6,49.6,49.5666575988134,-0.0333424011866299
"147",26240.8070250327,25140.0943346813,14.1689074388156,13.5745699166715,-58.384168,85.303529,-58.60985,85.309043,9.56281321811895,10.6009998321533,2016-02-09 23:13:56,2016-02-10 00:42:59,"MIDOC27",1,89.0666666666667,89.0666639963786,-2.67028808309533e-06
"148",4761.12636061368,4201.50809703257,2.57080350629788,2.26863370754942,-58.610417,85.309,-58.647241,85.293337,5.17918324134203,3.10449993610382,2016-02-10 00:43:11,2016-02-10 01:12:59,"MIDOC27",2,29.8333333333333,29.8166544040044,-0.016678929328922
"149",4414.66277913842,4306.24788590105,2.38372807023524,2.32518868972747,-58.647361,85.293167,-58.678525,85.249259,4.81371532003885,4.99049997329711,2016-02-10 01:13:11,2016-02-10 01:42:58,"MIDOC27",3,29.8333333333333,29.7999936024348,-0.0333397308985433
"150",4575.0107703481,4496.22547850407,2.47030909052485,2.42776842069662,-58.67874,85.249041,-58.713871,85.210853,4.99090228794275,5.05100011825562,2016-02-10 01:43:10,2016-02-10 02:12:59,"MIDOC27",4,29.85,29.8333295981089,-0.0166704018910728
"151",2334.25345823998,2215.58590017785,1.26039649455089,1.19632111590233,-58.714006,85.210706,-58.731415,85.19221,2.55922806056403,2.58400011062622,2016-02-10 02:13:11,2016-02-10 02:42:59,"MIDOC27",5,29.8166666666667,29.8166544040044,-1.22626622527378e-05
"152",4726.65599997531,4550.96190855318,2.55219099377867,2.45732373925665,-58.731528,85.192074,-58.765048,85.147132,2.82602262209038,2.83200001716614,2016-02-10 02:43:11,2016-02-10 03:37:40,"MIDOC27",6,54.5333333333333,54.499996805191,-0.0333365281422928
"153",7260.93394386318,7018.22541656625,3.92059210952653,3.78953994125286,-59.007433,84.710837,-59.039811,84.606015,2.62549313845373,2.63750004768371,2016-02-10 12:00:07,2016-02-10 13:29:59,"MIDOC28",1,89.9,89.8666703939438,-0.0333296060561992
"154",2238.78786165147,2153.3802653874,1.20884917741374,1.16273274795778,-59.039886,84.605778,-59.050329,84.574208,2.44650363169148,2.46499991416931,2016-02-10 13:30:10,2016-02-10 13:59:59,"MIDOC28",2,29.8333333333333,29.8166688044866,-0.0166645288467429
"155",7400.72456890153,7276.80052226592,3.99607303605036,3.92915937960114,-59.050424,84.574067,-59.089687,84.472675,8.05478814435845,9.52200031280518,2016-02-10 14:00:11,2016-02-10 14:29:58,"MIDOC28",3,29.8333333333333,29.7999936024348,-0.0333397308985433
"156",2801.33461841206,1586.34046869469,1.51260023655392,0.85655564045498,-59.090061,84.471898,-59.09518,84.446073,3.05454087318187,1.62049996852875,2016-02-10 14:30:12,2016-02-10 14:59:57,"MIDOC28",4,29.8,29.7666575908661,-0.0333424091339083
"157",828.594229353118,387.727486690712,0.447405254298822,0.209356170531057,-59.095119,84.446054,-59.091825,84.448239,0.904327932274874,0.854000002145767,2016-02-10 15:00:10,2016-02-10 15:29:59,"MIDOC28",5,29.8333333333333,29.8166688044866,-0.0166645288467429
"158",3711.0096155538,1914.84392651948,2.00378561898559,1.03393338203168,-59.091794,84.44824,-59.102076,84.421466,2.90321663726373,2.80550003051758,2016-02-10 15:30:11,2016-02-10 16:11:38,"MIDOC28",6,41.4833333333333,41.4666576067607,-0.0166757265726716
"159",30251.0175274717,30102.874695615,16.334248671081,16.2542579120202,-59.493438,85.492449,-59.645337,85.932909,10.9977107675194,10.6070003509521,2016-02-10 20:59:54,2016-02-10 22:28:58,"MIDOC29",1,89.1,89.0833247979482,-0.0166752020518004
"160",12248.1277267259,12216.8942190148,6.61346230293973,6.59659755181655,-59.645659,85.934006,-59.695982,86.126623,13.3047965344535,13.2880001068115,2016-02-10 22:29:10,2016-02-10 22:58:59,"MIDOC29",2,29.8333333333333,29.8166687965393,-0.0166645367940284
"161",11869.7643863575,11846.8729559113,6.40916236876445,6.39680198065501,-59.696339,86.127721,-59.757455,86.300045,12.8917744203628,13.1630001068115,2016-02-10 22:59:10,2016-02-10 23:28:59,"MIDOC29",3,29.8333333333333,29.8333295981089,-3.73522440710872e-06
"162",4218.55011771691,3683.2777540197,2.27783566591207,1.98881160622721,-59.757784,86.301047,-59.786644,86.333029,4.59282234387691,4.5939998626709,2016-02-10 23:29:11,2016-02-10 23:59:00,"MIDOC29",4,29.8333333333333,29.8166688044866,-0.0166645288467429
"163",5060.61888309522,5024.69712711243,2.73251659025944,2.71312038666424,-59.786849,86.333484,-59.814559,86.404108,5.51633576167384,5.5149998664856,2016-02-10 23:59:11,2016-02-11 00:28:59,"MIDOC29",5,29.8166666666667,29.7833472092946,-0.0333194573720306
"164",5252.92956097303,5128.1502241359,2.83635608695432,2.76898061057375,-59.814724,86.404545,-59.837038,86.484507,3.68140079621407,3.35999989509583,2016-02-11 00:29:10,2016-02-11 01:15:26,"MIDOC29",6,46.3,46.2833280007045,-0.0166719992955464
"165",19641.4887853846,19482.8695267385,10.6055593600899,10.5199117810491,-60.027766,86.746262,-60.041257,86.397782,7.07594828015351,9.71100044250488,2016-02-11 10:37:06,2016-02-11 12:06:59,"MIDOC30",1,89.9,89.899991997083,-8.0029169566842e-06
"166",8939.70772465991,8888.42592003628,4.82705776388419,4.79936779450503,-60.04126,86.396683,-60.040247,86.237208,9.70490441860734,10.8120002746582,2016-02-11 12:07:11,2016-02-11 12:36:59,"MIDOC30",2,29.8333333333333,29.8166544040044,-0.016678929328922
"167",4359.91213424169,4312.42482131913,2.35416507626874,2.32852396924502,-60.040267,86.236886,-60.04766,86.160924,4.73702009944926,5.22100019454956,2016-02-11 12:37:11,2016-02-11 13:07:00,"MIDOC30",3,29.8333333333333,29.8333295981089,-3.73522440710872e-06
"168",3564.60774831264,3526.72753348423,1.92473490595565,1.90428121879755,-60.047698,86.160406,-60.051638,86.0976,3.88077572728163,3.20749998092652,2016-02-11 13:07:12,2016-02-11 13:36:59,"MIDOC30",4,29.8166666666667,29.7999935944875,-0.0166730721791595
"169",2314.40330467057,2274.98628591578,1.24967826518001,1.22839476998423,-60.051656,86.097341,-60.055101,86.05709,2.51863519326269,2.5255000591278,2016-02-11 13:37:11,2016-02-11 14:06:59,"MIDOC30",5,29.8333333333333,29.8166544040044,-0.016678929328922
"170",3813.06066966493,3748.30601612289,2.05888880001027,2.02392407154767,-60.055132,86.056834,-60.059732,85.990175,2.55502099855426,2.55299997329712,2016-02-11 14:07:11,2016-02-11 14:55:35,"MIDOC30",6,48.4333333333333,48.4166591962179,-0.0166741371154728
"171",13528.5925262502,13394.7053605497,7.30485823469648,7.23256492236633,-60.050642,85.854811,-60.073216,85.618589,4.91493381296822,2.53349995613098,2016-02-11 23:36:52,2016-02-12 01:05:59,"MIDOC31",1,89.1333333333333,89.133321595192,-1.17381413673456e-05
"172",9285.13636324768,9273.6876475944,5.01357437529013,5.00739256113213,-60.073355,85.617596,-60.093276,85.455823,10.0942080490274,10.1110000610352,2016-02-12 01:06:11,2016-02-12 01:35:58,"MIDOC31",2,29.8333333333333,29.7999935944875,-0.0333397388458287
"173",8773.37045475538,8758.51600607743,4.73724279063835,4.72922202709355,-60.093408,85.454829,-60.112158,85.301921,9.53721843138753,9.57999992370605,2016-02-12 01:36:10,2016-02-12 02:05:59,"MIDOC31",3,29.8333333333333,29.816668788592,-0.0166645447413138
"174",8884.84975875748,8870.78903351125,4.79743682118941,4.78984463416763,-60.112292,85.300763,-60.13056,85.145459,9.66017616995229,9.669499874115,2016-02-12 02:06:12,2016-02-12 02:35:59,"MIDOC31",4,29.8333333333333,29.7999935944875,-0.0333397388458287
"175",8401.05892416652,8385.9801539112,4.53621057351618,4.52806868596543,-60.130673,85.14451,-60.146879,84.99713,9.13736891973079,9.15100002288818,2016-02-12 02:36:11,2016-02-12 03:05:58,"MIDOC31",5,29.8166666666667,29.7999935944875,-0.0166730721791595
"176",11532.5525040305,11512.9410668709,6.22708245241882,6.21649311964439,-60.146983,84.996256,-60.171801,84.795,9.15522153656709,9.17399978637695,2016-02-12 03:06:10,2016-02-12 03:47:00,"MIDOC31",6,40.8666666666667,40.849991997083,-0.0166746695836366
"177",24825.9815112413,24779.3523119447,13.4049624988653,13.3797847363007,-60.313191,83.578437,-60.340322,83.133279,8.9609866417065,10.1824998855591,2016-02-12 18:23:11,2016-02-12 19:52:59,"MIDOC32",1,89.8333333333333,89.8166591962179,-0.0166741371154728
"178",9831.00126362097,9808.33956605507,5.30831794930099,5.29608160706839,-60.340379,83.132206,-60.344519,82.954786,10.7078094972579,10.793999671936,2016-02-12 19:53:11,2016-02-12 20:23:00,"MIDOC32",2,29.8333333333333,29.8166687965393,-0.0166645367940284
"179",9902.57808485095,9892.91175154532,5.34696635496187,5.34174695062916,-60.344533,82.953578,-60.345133,82.774421,10.7851555658307,10.8640003204346,2016-02-12 20:23:11,2016-02-12 20:52:58,"MIDOC32",3,29.8,29.7833328088125,-0.0166671911875369
"180",9554.14440744333,9509.63107606948,5.15882715180988,5.13479186694125,-60.345121,82.773318,-60.354139,82.602037,10.389517034651,10.6379995346069,2016-02-12 20:53:10,2016-02-12 21:22:59,"MIDOC32",4,29.8333333333333,29.8333295981089,-3.73522440710872e-06
"181",3022.74469826081,2143.44024381428,1.63215215903881,1.15736556372923,-60.354208,82.601395,-60.359917,82.564312,3.28995357961779,1.74000000953674,2016-02-12 21:23:11,2016-02-12 21:52:58,"MIDOC32",5,29.8333333333333,29.7999936024348,-0.0333397308985433
"182",942.407114005302,185.881898896705,0.508859318056961,0.100368232482568,-60.359897,82.564284,-60.360256,82.567573,0.82770380359518,0.805000007152557,2016-02-12 21:53:10,2016-02-12 22:30:24,"MIDOC32",6,37.2666666666667,37.249991997083,-0.0166746695836366
"183",13387.9275370597,13378.353057284,7.22890518912817,7.22373538175191,-60.958631,79.588562,-61.000876,79.357264,9.78027310898034,9.79899978637695,2016-02-13 16:28:06,2016-02-13 17:12:27,"MIDOC33",1,44.3833333333333,44.3666592041651,-0.0166741291681944
"184",25838.5933799278,25776.0979571605,13.9517293656457,13.9179845246545,-61.008107,79.318144,-61.092862,78.874177,9.41595016022579,9.87199974060059,2016-02-13 17:20:01,2016-02-13 18:48:58,"MIDOC34",1,88.9833333333333,88.9666560014089,-0.0166773319244413
"185",9156.18390386106,9150.70779253867,4.94394559217711,4.9409887275358,-61.09303,78.873197,-61.119878,78.712832,9.95612729188119,9.9680004119873,2016-02-13 18:49:10,2016-02-13 19:18:59,"MIDOC34",2,29.8333333333333,29.8333295981089,-3.73522440710872e-06
"186",9088.56812583457,9083.30694516104,4.90743597952126,4.90459516818832,-61.120026,78.711827,-61.145497,78.551688,9.88984291616134,9.89500045776367,2016-02-13 19:19:11,2016-02-13 19:48:59,"MIDOC34",3,29.8333333333333,29.8166544040044,-0.016678929328922
"187",8628.16097441912,8617.12722750661,4.65883591526443,4.65287816638279,-61.145657,78.550726,-61.1704,78.399084,9.38375768230189,9.63500022888184,2016-02-13 19:49:11,2016-02-13 20:19:00,"MIDOC34",4,29.8333333333333,29.8333295981089,-3.73522440710872e-06
"188",10287.543610934,10282.53947782,5.55483118552911,5.55212916882528,-61.170566,78.398192,-61.202462,78.218813,11.1943322097428,11.5729999542236,2016-02-13 20:19:12,2016-02-13 20:48:59,"MIDOC34",5,29.8166666666667,29.7999936103821,-0.0166730562845849
"189",10009.7440177944,9974.77251228716,5.40483135061621,5.38594824141704,-61.202657,78.21766,-61.233859,78.043675,8.20202020442847,11.1979999542236,2016-02-13 20:49:11,2016-02-13 21:28:45,"MIDOC34",6,39.6,39.5833248058955,-0.0166751941045149
"190",25322.9214455669,24941.796526193,13.673288694984,13.4674976268936,-61.315955,77.599989,-61.384118,77.15602,9.22819160778752,6.42700004577637,2016-02-14 08:23:01,2016-02-14 09:51:59,"MIDOC35",1,88.9833333333333,88.9833311955134,-2.13781993352313e-06
"191",14514.1080075477,14504.6852543793,7.83699421743143,7.83190633589886,-61.384366,77.154413,-61.422872,76.895041,15.7751978857681,15.7819995880127,2016-02-14 09:52:11,2016-02-14 10:21:59,"MIDOC35",2,29.8333333333333,29.8166544040044,-0.016678929328922
"192",14354.3629527822,14345.7155367197,7.75073875689544,7.74606952406053,-61.423107,76.893443,-61.459945,76.635811,15.6067054246377,15.6059999465942,2016-02-14 10:22:11,2016-02-14 10:51:58,"MIDOC35",3,29.8333333333333,29.7999935944875,-0.0333397388458287
"193",14420.6988325692,14412.7866505935,7.78655727953758,7.78228504149453,-61.460177,76.634232,-61.497667,76.375387,15.6571575420529,15.6680002212524,2016-02-14 10:52:10,2016-02-14 11:21:59,"MIDOC35",4,29.8333333333333,29.8333295981089,-3.73522440710872e-06
"194",14369.1845389274,14361.6089276423,7.75874177608563,7.75465127174296,-61.497888,76.373816,-61.536216,76.116199,15.626212966582,15.6269998550415,2016-02-14 11:22:11,2016-02-14 11:51:58,"MIDOC35",5,29.8,29.7999936024348,-6.39756520470769e-06
"195",17192.5313182801,17184.0396664794,9.28322763302457,9.27864250619323,-61.53646,76.114484,-61.583751,75.806762,15.4308171677347,15.4270000457764,2016-02-14 11:52:11,2016-02-14 12:28:16,"MIDOC35",6,36.1166666666667,36.0999936024348,-0.0166730642318669
"196",42921.8811553785,42766.0872270977,23.1759701830147,23.091848160882,-61.886971,74.076899,-62.232467,73.721022,15.6058700453816,15.8500003814697,2016-02-15 02:11:51,2016-02-15 03:40:59,"MIDOC36",1,89.15,89.1333360036214,-0.0166639963785826
"197",14782.8899040207,14772.9453322024,7.9821248839053,7.97675524274,-62.233209,73.720304,-62.355348,73.609701,16.0836850972784,16.0849990844727,2016-02-15 03:41:11,2016-02-15 04:10:58,"MIDOC36",2,29.8333333333333,29.7999936103821,-0.0333397229512542
"198",13444.5907716915,13424.9290931432,7.25950089931025,7.2488844383463,-62.356121,73.609133,-62.472059,73.538676,14.6233798812888,16.0890007019043,2016-02-15 04:11:10,2016-02-15 04:40:58,"MIDOC36",3,29.8333333333333,29.8166544040044,-0.016678929328922
"199",4252.51718415505,4220.92951174943,2.29617642120481,2.27912043637569,-62.472378,73.538336,-62.507607,73.508289,4.64450391306973,5.13050007820129,2016-02-15 04:41:12,2016-02-15 05:10:59,"MIDOC36",4,29.8333333333333,29.7999936024348,-0.0333397308985433
"200",4737.75237655132,4723.79533650938,2.55818255998552,2.55064635851559,-62.507857,73.508059,-62.547334,73.474672,5.17231916741594,5.30900001525879,2016-02-15 05:11:11,2016-02-15 05:40:58,"MIDOC36",5,29.8166666666667,29.7999936103821,-0.0166730562845849
"201",3611.61845710122,3559.95279821904,1.950118667241,1.92222143306796,-62.547472,73.474557,-62.576733,73.446804,2.64625563917303,2.64000010490417,2016-02-15 05:41:10,2016-02-15 06:25:29,"MIDOC36",6,44.35,44.333323208491,-0.016676791508992
"202",30328.0030298514,30136.4617746273,16.3758175319895,16.2723934904424,-63.538213,72.546729,-63.788524,72.316794,11.0544418123569,10.8850002288818,2016-02-15 15:45:02,2016-02-15 17:13:58,"MIDOC37",1,88.9833333333333,88.949995191892,-0.0333381414413481
"203",3959.369324511,3933.87777121031,2.13788918235498,2.1241248397094,-63.788773,72.316546,-63.822176,72.290791,4.31181833156332,5.00099992752075,2016-02-15 17:14:10,2016-02-15 17:43:59,"MIDOC37",2,29.8333333333333,29.8166687965393,-0.0166645367940284
"204",2701.64760038097,2670.29256059812,1.45877353335891,1.44184316014288,-63.82234,72.290764,-63.844858,72.272262,2.94531134722152,2.98699998855591,2016-02-15 17:44:12,2016-02-15 18:13:59,"MIDOC37",3,29.8333333333333,29.7999935944875,-0.0333397388458287
"205",2692.38409221986,2668.37124166243,1.45377163728276,1.44080573053432,-63.845002,72.272129,-63.866339,72.247539,2.90319854781132,2.89750003814697,2016-02-15 18:14:11,2016-02-15 18:43:58,"MIDOC37",4,29.8166666666667,29.7999935944875,-0.0166730721791595
"206",2578.23714344117,2557.33673673627,1.39213719326107,1.38085187235791,-63.866466,72.24735,-63.884774,72.215996,2.79576897168798,2.80200004577637,2016-02-15 18:44:10,2016-02-15 19:14:00,"MIDOC37",5,29.85,29.8499903917313,-9.60826874063514e-06
"207",3210.81757491553,3188.20514891616,1.73370342529866,1.72149368759332,-63.884888,72.215814,-63.908688,72.179816,2.87289972171503,2.85899996757507,2016-02-15 19:14:12,2016-02-15 19:50:26,"MIDOC37",6,36.2666666666667,36.2333375930786,-0.0333290735880496
"208",7376.14940891496,7226.02604871709,3.98280350638949,3.90174334718713,-64.741904,71.323649,-64.803653,71.277497,2.69364467328954,2.71000003814697,2016-02-16 03:46:50,2016-02-16 05:15:59,"MIDOC38",1,89.1666666666667,89.1666575908661,-9.07580057685209e-06
"209",5593.21717876195,5512.62306767303,3.02009676819277,2.97657941375152,-64.803768,71.277376,-64.847246,71.222087,6.08729793260456,3.14100003242493,2016-02-16 05:16:10,2016-02-16 05:45:58,"MIDOC38",2,29.8333333333333,29.8166543960571,-0.0166789372762075
"210",5184.72142756434,3724.67629343092,2.79952662786336,2.01116503737208,-64.847782,71.221253,-64.869828,71.162242,5.63924511384306,2.92300009727478,2016-02-16 05:46:10,2016-02-16 06:15:59,"MIDOC38",3,29.8333333333333,29.8333295981089,-3.73522440710872e-06
"211",936.887839344263,683.895433401023,0.50587914706881,0.369274126532916,-64.869828,71.162251,-64.875308,71.168734,1.01722358799732,0.893999993801117,2016-02-16 06:16:11,2016-02-16 06:45:59,"MIDOC38",4,29.8166666666667,29.8166543960571,-1.22706095382341e-05
"212",698.351968158738,346.642783412146,0.377080033671088,0.187172197402872,-64.875327,71.168755,-64.874755,71.175944,0.756806703827568,0.742999970912933,2016-02-16 06:46:10,2016-02-16 07:15:58,"MIDOC38",5,29.8333333333333,29.8166543960571,-0.0166789372762075
"213",1992.12568190506,1519.81431802282,1.07566220682441,0.82063437971665,-64.874725,71.175967,-64.861134,71.17349,1.52606761514752,1.54799997806549,2016-02-16 07:16:10,2016-02-16 07:58:18,"MIDOC38",6,42.1666666666667,42.1499952077866,-0.0166714588801042
"214",10534.313943027,9258.85822148255,5.68807655373503,4.99938530869705,-65.763279,70.157815,-65.815303,70.000179,3.81155644264798,3.66799998283386,2016-02-16 12:30:13,2016-02-16 13:59:59,"MIDOC39",1,89.7833333333333,89.783323208491,-1.01248423334255e-05
"215",2475.70877193875,2391.14261538212,1.33677628136973,1.29111419317388,-65.815313,69.999899,-65.817621,69.947915,2.69255164526881,2.63299989700317,2016-02-16 14:00:11,2016-02-16 14:30:00,"MIDOC39",2,29.8333333333333,29.8333296060562,-3.72727712161236e-06
"216",2604.35769688576,2518.2025453212,1.40624116893735,1.359721091764,-65.817633,69.947609,-65.821907,69.893531,2.83251594910091,2.77500009536743,2016-02-16 14:30:12,2016-02-16 14:59:59,"MIDOC39",3,29.8166666666667,29.7833327849706,-0.0333338816960662
"217",2711.55300929225,2607.08024136329,1.46412202823842,1.4077112258858,-65.821947,69.893183,-65.827053,69.837532,2.94553519454082,2.89549994468689,2016-02-16 15:00:10,2016-02-16 15:29:59,"MIDOC39",4,29.8333333333333,29.8166688044866,-0.0166645288467429
"218",2743.67616324257,2637.12183100405,1.48146715007597,1.42393239250345,-65.827083,69.837239,-65.831647,69.780628,2.98604082661187,2.8989999294281,2016-02-16 15:30:11,2016-02-16 15:59:58,"MIDOC39",5,29.8333333333333,29.7999936024348,-0.0333397308985433
"219",3420.70383142134,2754.95728462649,1.84703297870277,1.48755847053506,-65.83167,69.780158,-65.842255,69.72568,3.27851177601398,3.08799993991852,2016-02-16 16:00:12,2016-02-16 16:34:08,"MIDOC39",6,33.9666666666667,33.9499871969223,-0.0166794697443677
"220",27217.0874088711,26930.2264812983,14.6960568660318,14.5411643001624,-66.574662,69.140897,-66.623593,68.546091,9.88708261507694,9.94049978256226,2016-02-16 23:28:49,2016-02-17 00:57:58,"MIDOC40",1,89.1833333333333,89.1666575988134,-0.0166757345199642
"221",8484.16939033346,8380.81451340441,4.58108665149629,4.5252794622143,-66.623719,68.54497,-66.638033,68.359166,9.22110670931512,9.1744999885559,2016-02-17 00:58:10,2016-02-17 01:27:59,"MIDOC40",2,29.85,29.8333295981089,-0.0166704018910728
"222",8254.62937872216,8165.56692515269,4.45714491544668,4.40905502020467,-66.638107,68.358074,-66.648722,68.175522,8.97375195199551,8.93299961090088,2016-02-17 01:28:11,2016-02-17 01:57:59,"MIDOC40",3,29.8166666666667,29.8166544040044,-1.22626622527378e-05
"223",7843.31093367039,7625.78174830663,4.23505064181187,4.1175942354704,-66.648789,68.174427,-66.65587,68.002987,8.53227628050768,8.54349994659424,2016-02-17 01:58:11,2016-02-17 02:27:58,"MIDOC40",4,29.8333333333333,29.7999936024348,-0.0333397308985433
"224",7704.02547197804,7614.4665840594,4.15984248177284,4.11148453332896,-66.655934,68.001719,-66.667003,67.831822,8.37998267323562,8.35299968719482,2016-02-17 02:28:12,2016-02-17 02:57:59,"MIDOC40",5,29.8333333333333,29.7999936024348,-0.0333397308985433
"225",11800.4156099779,11679.0236203811,6.37171701151685,6.3061705569901,-66.667067,67.830783,-66.683385,67.569783,8.94803941650004,8.89599990844727,2016-02-17 02:58:11,2016-02-17 03:40:52,"MIDOC40",6,42.7166666666667,42.6999888102214,-0.0166778564453125
